.	pdb
2z9q	17925437
3dg0	
3dg2	
3dg4	
3dg5	
3iyo	20720013
3j7b	25303172
3jb5	
3jcu	27251276
3jd8	27238017
4v65	
4v66	
4v93	25897633
5bkf	34473954
5bkg	34473954
5gkn	25730881
5l1d	28536302
5tsk	28148783
5tsl	28148783
6ar6	31233493
6ci1	
6djy	32049031
6dzu	30602608
6e8g	
6f5j	32679289
6gyn	
6gyo	
6hma	
6i5t	31925077
6i5u	31925077
6jja	
6jjc	
6jjd	
6jzo	
6k3o	
6k43	
6k4m	
6ka4	
6ke6	
6kuu	31209309
6kw5	
6l2t	31624094
6l4t	32424145
6l4u	32424145
6l7e	
6l7i	
6la3	
6la4	
6la5	
6la6	
6la7	
6lao	
6lap	
6lar	
6lb1	
6lba	
6lbo	
6lbq	
6lxv	
6m7d	33888861
6n4c	
6nd0	
6nt3	30733386
6o6b	
6ojq	
6pb4	32310937
6pb5	32310937
6pb6	32310937
6pnj	32076649
6pxd	33567265
6pxm	
6q6i	31653338
6qd8	31591605
6qwj	35059628
6r8b	
6r8u	
6r9b	32039758
6rju	
6rpk	
6rpl	
6rpo	
6rqt	31804486
6rtk	
6s3q	
6s44	
6s61	
6smx	33318620
6sn0	33318620
6sn2	33318620
6sn3	33318620
6sn4	33318620
6sn5	33318620
6sn7	33318620
6sn8	33318620
6sn9	33318620
6so7	33318620
6so8	33318620
6soa	33318620
6sob	33318620
6soc	33318620
6sog	33318620
6soh	33318620
6soj	33318620
6tra	
6trc	
6trd	
6tre	32284565
6tu4	
6tu7	
6u0m	32019936
6u0r	31859208
6u0v	31859208
6u1s	32848250
6u5g	32148858
6u5z	
6ugh	
6um1	32095534
6um2	32095534
6umm	31886769
6uop	32431832
6uoq	32431832
6uor	32431832
6uos	32431832
6uou	32431832
6uow	32431832
6urt	34017046
6ut4	33219217
6ut5	33219217
6ut6	33219217
6ut7	33219217
6ut8	33219217
6uvt	32320665
6v3f	32596471
6v3h	32596471
6v8r	32744252
6vef	
6vk9	34471289
6vps	32165583
6vrs	32431828
6vsa	32431828
6vsc	32431828
6vvo	32907938
6vyf	32431829
6vyg	32431829
6w5i	
6w5m	
6w5n	
6w8n	
6w8o	
6w8p	
6wha	32946782
6wj6	
6wjv	32572031
6wkt	
6wkv	
6woo	33024099
6wot	32832689
6wou	32832689
6wov	32832689
6wpk	32755591
6wxh	
6wxi	
6wxl	
6x67	32651359
6x68	32651359
6x96	
6x97	
6x98	
6x9o	
6xeu	34433062
6xev	34433062
6xhi	33682792
6xhj	33682792
6xlb	
6xlc	
6xld	
6xle	
6xlf	
6xlg	
6xlh	
6xmj	
6xn3	
6xn4	
6xn5	
6xn7	
6xos	
6xot	
6xou	
6xov	
6xow	
6xqb	
6xsk	
6y5r	
6y7s	
6ybp	
6ybq	
6ye4	
6yng	
6ys3	33149120
6ys8	
6z11	33339823
6z43	32661423
6zby	
6zhd	32661423
6zji	33444527
6zzu	35013193
7a2g	35013193
7a4a	
7a6u	
7aa5	
7abl	
7abr	
7ah9	33750771
7ahi	33750771
7ajq	
7asm	
7asn	
7aso	
7asp	
7ate	34824221
7atn	34824221
7au3	34824221
7au6	34824221
7azy	33990576
7b00	
7b03	34226545
7b0u	
7b4l	
7b4m	
7b5f	
7b5k	
7b6x	34018214
7b6y	34018214
7b6z	34018214
7b7d	
7bam	35099835
7ban	35099835
7bao	35099835
7bes	
7bgd	34869582
7bge	34869582
7bgi	34887518
7blx	34887518
7bp8	
7bp9	
7bpa	
7bpb	
7bw7	
7bw8	
7bwa	
7bwd	
7c1d	
7c4j	32636384
7c97	32785630
7chw	32785630
7ckl	34127846
7ckm	34127846
7cpj	34906996
7cpu	
7cpv	
7cq5	
7cq6	
7cq7	
7cth	34852239
7cub	34417297
7cuq	34417297
7cuw	34417297
7cxr	34465718
7cye	34373447
7cyf	34373447
7cyh	34676096
7cyp	34676096
7d4g	34676098
7d4i	
7d5s	
7d5t	
7d63	
7d69	34352093
7d6v	33876763
7d6x	33876763
7da7	
7das	
7ddo	
7ddp	
7dfg	
7dfh	
7dhi	
7dhr	
7dkj	
7dmp	34871179
7dmz	
7dn0	
7dn5	33472937
7dni	34644557
7dnj	34644557
7dod	
7doi	
7dok	
7dqa	
7dsc	
7dsd	
7dse	
7dsk	33758168
7dsl	33758168
7dsn	33758168
7dsq	33758168
7dte	34653416
7dv5	35043010
7dx4	34676098
7dxa	
7dxb	35051376
7dxc	35051376
7dxd	35051376
7dxe	35051376
7dxf	35051376
7dxg	35051376
7dxh	
7dxi	
7dy0	
7e0f	34716315
7e1a	35043010
7e1v	34819223
7e1w	34819223
7e1x	34819223
7e1y	
7e26	34499638
7e27	34499638
7e2c	
7e2d	
7e3k	
7e3l	
7e4h	34446444
7e4i	34446444
7e7s	34459010
7e8s	
7e8t	
7e93	
7e94	
7e9t	34782481
7ea3	
7eel	34727518
7eep	34727518
7eeq	34727518
7efc	
7efd	
7eg0	
7eg1	
7eg4	
7ej4	
7ej5	
7eko	
7ekq	
7eld	34593993
7ele	34593993
7emy	35105906
7en1	35105906
7en2	35105906
7eoy	34502049
7ep6	34502049
7eq9	34523636
7et1	34588453
7etw	34192549
7eu0	34941388
7eu1	34941388
7ew2	34545189
7ew3	34545189
7ew4	34545189
7ewl	34815401
7ewp	34815401
7ewq	34215847
7ewr	34815401
7ezh	
7ezk	
7ezm	
7f38	34549983
7f3e	34339732
7f3x	34824256
7f4g	
7f62	
7f63	
7f64	34876589
7f66	34876589
7f67	34876589
7f6h	
7f6i	
7f73	34465718
7f8j	
7f8n	
7f8o	
7f8q	
7f9y	34417468
7f9z	34417468
7fae	34966387
7faf	34966387
7fda	34918374
7fdb	34918374
7fdc	34918374
7fde	34918374
7fdg	34580297
7fdh	34580297
7fdi	34580297
7fdj	34502049
7fdk	34580297
7fg2	34648602
7fg3	34648602
7fg7	34648602
7fhk	34845029
7fhl	34845029
7fhn	34845029
7fho	34845029
7fif	34557519
7fig	34552239
7fih	34552239
7fii	34552239
7fij	34552239
7jic	33446559
7jot	32039886
7jpn	35110533
7jr7	33953337
7jzy	
7k0s	
7k0t	
7k56	34765927
7k57	34765927
7k59	34765927
7kbb	
7kck	
7kcl	
7kcm	
7kgb	
7kh1	
7kjk	
7kln	
7klu	
7klv	
7kmx	
7knq	33468661
7kr2	
7krz	
7ksl	
7ksm	
7kuy	34473954
7l0l	35115707
7l31	34473954
7l7b	
7l7h	
7la4	
7lb8	34887516
7lf6	
7lge	
7lgf	
7lgg	
7lgh	
7lhd	
7lhe	34035440
7lhf	34035440
7lic	34349260
7lid	34349260
7lig	34349260
7lih	
7lii	35119930
7lij	35119930
7lik	35119930
7lil	35119930
7lim	35119930
7lis	35119930
7lit	35119930
7ljf	33930464
7lqv	33789084
7lvk	
7lx0	
7lxt	34548400
7lxu	34548400
7lxv	34548400
7m17	
7m19	
7m22	
7m30	
7m61	34518699
7m62	34518699
7m64	34518699
7m65	34518699
7md2	34857958
7md3	34857958
7mdw	34344900
7mdx	34344901
7mdy	34344901
7me0	
7me7	34344900
7mej	34344900
7mep	35044813
7mez	34348129
7mfg	35115707
7mit	34711681
7mjo	34711681
7mjp	34711681
7mjq	34711681
7msw	34013269
7msx	34013269
7muc	34519271
7mud	34519271
7mue	34519271
7muq	34519271
7mus	34519271
7muv	34519271
7muw	34519271
7muy	34519271
7n3o	34450043
7n3p	34450043
7n4u	34407950
7n4v	34407950
7n4x	34407950
7n6q	34520735
7n6r	34520735
7n9a	33758850
7n9b	33758850
7n9c	33758850
7n9e	33758850
7n9t	34344900
7na7	34737341
7na8	34737341
7ncr	
7nf6	
7nf7	
7nf8	
7nfy	
7ng4	
7ng5	
7ngc	
7ngf	
7ngl	
7ngp	
7ngq	
7nwt	34887415
7nyw	
7nyx	
7nyy	
7nyz	
7nz0	
7nz2	
7nz3	
7nz4	
7o01	34887518
7o5b	
7ob4	34880242
7oe7	
7ofq	
7ohf	35060902
7oj5	
7on1	
7oqh	
7oqz	
7oto	35013597
7ou0	35013597
7ou2	35013597
7ou4	35013597
7owg	
7oxo	
7oyg	34429502
7p09	
7p0b	
7p0m	
7p1i	
7p1j	
7p1k	
7p2y	
7p3n	
7p3w	
7p48	
7p4i	34630942
7p6x	
7p77	
7p78	
7p79	
7p7a	
7p7b	
7p8w	
7pbd	
7pbw	34699186
7pbz	
7pc0	
7pd4	
7pd8	
7pdd	
7pde	
7pdf	
7pdg	
7pdh	
7pjs	34635670
7pq5	34853317
7pqd	
7puy	
7pvd	
7px3	
7pzc	35114687
7qdr	
7qds	
7qdy	
7qdz	
7qe0	
7qe7	
7qep	35105900
7qjw	
7qko	
7ql5	
7ql6	
7qla	35105815
7qo7	
7qo9	
7r8v	
7r91	
7rb0	
7rb2	
7rb8	
7rb9	
7rdx	
7rdy	
7rdz	
7re0	
7re1	
7re2	
7re3	
7rh7	34590581
7rhx	35104890
7rhy	35104890
7rhz	35104890
7rkf	
7rkm	
7rkn	
7rkx	
7rky	
7roq	35120130
7roz	34903670
7rqs	34903670
7rr9	35013584
7rra	35013584
7rsl	
7rtt	34824283
7rtu	34824283
7rtv	34824283
7rtw	34824283
7rx4	
7rx5	
7ry3	35100868
7ryf	35100868
7ryg	35100868
7ryh	35100868
7ryy	34678168
7ryz	34678168
7rz4	34678168
7rz5	34678168
7rz6	34678168
7rz7	34678168
7rz8	34678168
7rz9	34678168
7rza	34678168
7s1g	
7s1h	
7s1k	
7s20	
7s21	
7s2t	
7s4q	
7s65	
7s66	
7s67	
7sde	
7sfj	
7sfk	
7shs	
7sii	
7sk0	
7sk1	
7spb	35046412
7spc	35046412
7spi	35046412
7spj	35046412
7spk	35046412
7sq6	
7sq7	
7sq8	
7sq9	
7ss5	
7stw	
7stx	
7sxo	
7t7c	
7t7r	
7t7v	
7t7x	
7t81	
7t9j	
7t9k	
7t9l	
7tbg	
7tbw	
7tby	
7tbz	
7tc0	
7td0	
7td1	
7td2	
7td3	
7td4	
7tdf	
7tdm	
7tdn	
7tfn	
7tfo	
7tla	35118469
7tlb	35118469
7tlc	35118469
7tld	35118469
7tou	35118469
7tov	35118469
7tox	35118469
7toy	35118469
7toz	35118469
7tp0	35118469
7tp1	35118469
7tp2	35118469
7tp7	35118469
7tp8	35118469
7tp9	35118469
7tpa	35118469
7tpc	35118469
7tpe	35118469
7tpf	35118469
7tph	35118469
7tpl	35118469
7v5g	
7v5m	
7v76	
7v77	
7v78	
7v79	
7v7a	
7v7d	
7v7e	
7v7f	
7v7g	
7v7h	
7v7i	
7v7j	
7v7n	
7v7o	
7v7p	
7v7q	
7v7r	
7v7s	
7v7t	
7v7u	
7v7v	
7v7z	
7v80	
7v81	
7v82	
7v83	
7v84	
7v85	
7v86	
7v87	
7v88	
7v89	
7v8a	
7v8b	
7v8c	
7v9m	
7vdh	
7vdl	
7vdm	
7vfs	34731621
7vfu	34731621
7vfv	34731621
7vfw	34731621
7vgq	34697302
7vh1	34697302
7vh2	34697302
7vh3	34697302
7vh5	34750373
7vh6	34750373
7vlk	34876589
7vqq	35036880
7vuy	
7vuz	
7vv0	
7vv3	
7vv4	
7vv5	
7vv6	
7vwx	35036883
7vx1	34930910
7vx4	34930910
7vx5	34930910
7vx9	34930910
7vxa	34930910
7vxb	34930910
7vxc	34930910
7vxd	34930910
7vxe	34930910
7vxf	34930910
7vxh	
7vxi	34930910
7vxk	34930910
7vxz	
7vy0	
7vy5	
7vy6	
7vyk	
7vyl	
7vym	
7w14	
7w17	
7w2z	35027551
7w92	
7w94	
7w98	
7w99	
7w9b	
7w9c	
7w9e	
7w9f	
7w9i	
7w9w	35114111
7wbl	35093192
7whm	35087065
7whn	35087065
7whp	35087065
7wk2	
7wk3	
7wk4	
7wk5	
7wk6	
7wk8	
7wk9	
7wka	

.	emdb
0019	
0045	
0093	
0094	
0243	
0269	
0321	
0340	
0400	
0421	
0426	
0427	
0428	
0429	
0430	
0431	
0432	
0439	
0444	
0454	
0455	
0500	
0632	
0723	
0725	
0779	
0789	
0793	
0794	
0795	
0814	
0834	
0835	
0843	
0844	
0854	
0855	
0856	
0857	
0858	
0859	
0860	
0862	
0867	
0868	
0870	
0871	
0875	
0910	
0911	
0970	
0971	
0973	
0982	
10001	
10003	
10004	
10005	
10008	
10009	
10012	
10013	
10014	
10015	
10094	
10097	
10101	
10247	
10248	
10249	
10250	
10251	
10252	
10253	
10254	
10255	
10268	
10269	
10270	
10271	
10272	
10274	
10275	
10276	
10326	
10327	
10328	
10329	
10330	
10331	
10332	
10378	
10379	
10538	
10556	
10557	
10558	
10559	
10560	
10587	
10588	
10589	
10590	
10611	
10612	
10613	
10614	
10625	
10631	
10703	
10721	
10770	
10771	
10789	
10818	
10891	
10893	
10987	
10998	
11026	
11068	
11071	
11072	
11158	
11218	
11234	
11239	
11367	
11587	
11624	
11630	
11659	
11674	
11690	
11700	
11701	
11702	
11707	
11708	
11781	
11804	
11805	
11806	
11832	
11833	
11858	
11896	
11899	
11900	
11901	
11902	
11903	
11921	
11922	
11924	
11925	
11951	
11952	
11955	
11971	
11986	
11991	
12002	
12003	
12028	
12035	
12057	
12058	
12060	
12081	
12082	
12083	
12084	
12085	
12086	
12122	
12123	
12124	
12125	
12126	
12127	
12158	
12178	
12179	
12180	
12181	
12227	
12237	
12238	
12270	
12296	
12297	
12298	
12306	
12307	
12308	
12312	
12313	
12315	
12316	
12317	
12378	
12379	
12380	
12381	
12383	
12384	
12385	
12386	
12388	
12389	
12390	
12391	
12393	
12394	
12395	
12396	
12398	
12399	
12400	
12401	
12403	
12405	
12408	
12409	
12410	
12411	
12413	
12414	
12415	
12416	
12418	
12419	
12420	
12421	
12635	
12656	
12657	
12658	
12659	
12660	
12662	
12663	
12664	
12672	
12699	
12726	
12727	
12728	
12729	
12734	
12735	
12794	
12861	
12875	
12901	
12902	
12903	
12914	
12915	
12917	
12938	
12978	
12993	
13035	
13063	
13071	
13073	
13074	
13097	
13102	
13116	
13146	
13147	
13148	
13161	
13162	
13163	
13174	
13181	
13186	
13191	
13193	
13233	
13256	
13290	
13307	
13309	
13310	
13311	
13312	
13313	
13314	
13315	
13330	
13331	
13334	
13335	
13336	
13337	
13338	
13390	
13458	
13587	
13590	
13597	
13662	
13667	
13668	
13690	
13769	
13816	
13839	
13840	
13901	
13902	
13903	
13904	
13905	
13907	
13923	
13925	
13927	
13928	
13929	
13931	
13932	
13933	
13936	
14024	
14031	
14033	
14035	
14036	
14037	
14048	
14064	
14065	
14066	
14086	
14087	
14101	
14102	
14103	
14104	
14105	
14173	
14179	
1906	
20092	
20093	
20094	
20095	
20096	
20097	
20098	
20123	
20159	
20286	
20287	
20288	
20397	
20518	
20521	
20548	
20549	
20604	
20607	
20609	
20610	
20613	
20617	
20619	
20645	
20659	
20674	
20675	
20676	
20679	
20680	
20681	
20683	
20684	
20685	
20745	
20764	
20815	
20816	
20820	
20825	
20826	
20862	
20916	
21005	
21006	
21007	
21008	
21027	
21035	
21037	
21109	
21113	
21156	
21211	
21225	
21244	
21245	
21252	
21254	
21316	
21371	
21373	
21376	
21405	
21448	
21449	
21450	
21451	
21458	
21459	
21542	
21543	
21544	
21575	
21576	
21577	
21595	
21596	
21597	
21598	
21669	
21690	
21701	
21708	
21810	
21859	
21860	
21861	
21862	
21863	
21869	
21879	
21880	
21881	
21883	
21884	
21885	
21886	
21952	
21959	
21960	
21961	
22022	
22023	
22024	
22072	
22073	
22099	
22100	
22101	
22102	
22103	
22104	
22106	
22113	
22147	
22150	
22151	
22152	
22153	
22154	
22155	
22186	
22187	
22217	
22218	
22238	
22239	
22240	
22241	
22242	
22243	
22244	
22259	
22266	
22267	
22268	
22269	
22278	
22279	
22280	
22281	
22282	
22288	
22302	
22334	
22344	
22398	
22412	
22416	
22443	
22495	
22584	
22596	
22597	
22615	
22616	
22675	
22676	
22678	
22752	
22753	
22788	
22811	
22812	
22813	
22814	
22815	
22816	
22865	
22873	
22877	
22878	
22896	
22917	
22918	
22919	
22931	
22954	
22959	
22960	
22976	
22977	
22995	
23000	
23013	
23019	
23020	
23041	
23060	
23098	
23148	
23149	
2320	
23210	
23212	
23245	
23251	
23289	
23290	
23300	
23321	
23322	
23323	
23324	
23336	
23337	
23338	
23372	
23373	
23374	
23375	
23376	
23377	
23378	
23379	
23380	
23381	
23382	
23383	
23384	
23385	
23392	
23489	
23539	
23563	
23574	
23575	
23576	
23614	
23616	
23629	
23640	
23686	
23687	
23688	
23689	
23724	
23763	
23764	
23765	
23782	
23783	
23784	
23786	
23788	
23790	
23801	
23802	
23808	
23816	
23864	
23880	
23881	
23882	
23886	
23970	
23971	
24004	
24005	
24006	
24018	
24020	
24023	
24024	
24026	
24142	
24143	
24178	
24179	
24180	
24208	
24209	
24253	
24255	
24256	
24257	
24262	
24267	
24268	
24321	
24322	
24391	
24392	
24399	
24400	
24426	
24427	
24428	
24429	
24430	
24431	
24432	
24457	
24470	
24471	
24472	
24496	
24500	
24501	
24506	
24507	
2459	
24610	
24619	
24620	
24621	
24622	
24623	
24635	
24642	
24643	
24644	
24645	
24646	
24647	
24648	
24656	
24657	
24674	
24688	
24689	
24690	
24691	
24724	
24725	
24732	
24738	
24739	
24740	
24748	
24749	
24750	
24751	
24752	
24753	
24754	
24755	
24756	
24768	
24769	
24770	
24771	
24772	
24773	
24795	
24796	
24797	
24798	
24799	
24800	
24801	
24804	
24814	
24815	
24816	
24832	
24850	
24851	
24852	
2486	
25079	
25091	
25135	
25142	
25154	
25155	
25168	
25169	
25377	
25378	
25379	
25380	
25404	
25437	
25438	
25499	
25502	
25578	
25579	
25580	
25737	
25738	
25739	
25740	
25741	
25759	
25760	
25761	
25798	
25800	
25801	
25802	
25803	
25819	
25820	
25821	
25822	
25823	
25827	
25834	
25835	
25839	
25840	
25841	
25842	
25877	
25878	
25883	
25884	
25886	
25892	
25921	
25985	
25986	
25987	
25988	
26038	
26039	
26040	
26041	
26042	
26043	
26045	
26046	
26047	
26048	
26049	
26050	
26051	
26052	
26053	
26055	
26059	
2640	
2657	
2690	
2691	
2698	
2779	
2780	
2811	
2812	
2816	
2817	
2819	
2820	
2825	
2826	
2827	
2829	
2837	
2839	
2909	
2931	
2932	
2933	
2942	
2948	
2949	
2950	
2951	
2952	
2953	
2954	
2955	
2956	
2957	
2958	
2959	
2960	
2961	
30007	
30050	
30051	
30059	
30060	
30062	
30063	
30064	
30065	
30066	
30095	
30096	
30097	
30098	
30099	
30100	
30101	
30102	
30103	
30104	
30105	
30106	
30107	
30129	
30133	
30147	
30148	
30149	
30150	
30153	
30154	
30211	
30225	
30227	
30229	
30230	
30231	
30232	
30264	
30265	
30266	
30269	
30281	
30285	
30286	
30298	
30307	
30353	
30356	
30357	
30362	
30364	
30365	
30376	
30381	
30387	
30388	
30399	
30415	
30431	
30432	
30433	
30436	
30437	
30438	
30454	
30465	
30471	
30474	
30475	
30495	
30498	
30499	
30500	
30503	
30506	
30509	
30510	
30540	
30541	
30553	
30554	
30573	
30574	
30580	
30581	
30584	
30585	
30588	
30591	
30594	
30595	
30596	
30597	
30624	
30626	
30630	
30648	
30653	
30655	
30663	
30664	
30669	
30670	
30681	
30682	
30707	
30712	
30714	
30715	
30716	
30717	
30719	
30721	
30722	
30723	
30724	
30725	
30726	
30727	
30728	
30729	
30730	
30731	
30732	
30733	
30734	
30735	
30737	
30738	
30739	
30740	
30741	
30742	
30743	
30744	
30745	
30746	
30747	
30748	
30749	
30750	
30751	
30752	
30753	
30754	
30755	
30756	
30757	
30758	
30759	
30760	
30761	
30762	
30763	
30764	
30765	
30766	
30772	
30773	
30775	
30776	
30781	
30782	
30784	
30785	
30793	
30794	
30795	
30797	
30798	
30799	
30816	
30817	
30818	
30819	
30830	
30831	
30832	
30835	
30836	
30837	
30838	
30839	
30840	
30841	
30842	
30852	
30857	
30858	
30862	
30864	
30868	
30870	
30871	
30872	
30878	
30879	
30895	
30902	
30903	
30904	
30905	
30906	
30907	
30908	
30909	
30910	
30913	
30931	
30938	
3094	
30943	
30944	
30945	
30946	
3095	
30952	
30953	
30954	
30955	
30982	
30983	
30985	
30986	
31003	
31004	
31021	
31022	
31023	
31024	
31027	
31028	
31037	
31038	
31078	
31079	
31080	
31083	
31084	
31092	
31093	
31094	
31095	
31096	
31097	
31098	
31099	
31100	
31101	
31102	
31103	
31104	
31105	
31171	
31173	
31174	
31175	
31181	
31182	
31198	
31199	
31200	
31201	
31202	
31203	
31233	
31234	
31256	
31294	
31302	
31303	
31305	
31306	
3131	
31345	
31346	
31347	
31351	
31360	
31361	
31363	
31365	
31366	
31368	
31369	
31370	
31387	
31388	
31389	
31431	
31432	
31442	
31450	
31451	
31470	
31471	
31472	
31473	
31474	
31475	
31480	
31481	
31484	
31489	
31490	
31491	
31492	
3150	
31500	
31501	
31502	
31503	
31538	
31539	
3154	
31540	
31541	
31542	
31543	
31544	
31545	
31546	
3155	
31558	
3156	
3157	
31572	
31573	
31574	
31575	
31576	
31577	
31578	
3158	
31585	
31586	
31587	
31588	
3159	
31595	
31596	
31597	
31598	
31599	
3160	
3161	
3162	
31724	
31727	
31728	
31730	
31760	
31761	
31762	
31763	
31764	
31767	
31768	
31769	
31770	
31771	
31772	
31773	
31775	
31776	
31777	
31778	
31779	
31780	
31781	
31782	
31783	
31784	
31785	
31786	
31787	
31788	
31789	
31790	
31791	
31792	
31793	
31794	
31795	
31796	
31797	
31798	
31799	
31800	
31825	
31918	
31922	
31923	
31958	
31959	
31960	
31961	
3197	
31972	
31973	
31974	
31975	
31983	
31984	
31985	
31986	
31987	
31988	
31989	
31990	
31991	
31992	
31993	
32012	
32014	
32015	
32016	
32017	
32023	
32033	
32092	
32131	
32132	
32133	
32136	
32137	
32138	
32139	
3215	
32164	
32167	
32168	
32169	
32170	
32172	
32173	
32174	
32175	
32176	
32177	
32178	
32179	
32180	
32182	
32189	
32190	
32194	
32195	
32207	
32208	
32209	
32216	
32217	
32250	
32251	
32268	
3228	
32359	
32360	
32361	
32362	
32363	
32364	
32365	
32366	
32367	
32377	
32378	
32405	
3242	
3243	
3246	
32486	
32487	
32488	
32489	
32494	
32495	
32504	
32505	
32506	
32507	
32508	
32556	
32557	
32558	
32559	
32560	
32562	
32563	
32564	
3265	
3285	
3286	
3287	
3289	
3302	
3309	
3312	
3323	
3324	
3325	
3326	
3327	
3328	
3329	
3334	
3335	
3336	
3374	
3376	
3392	
3393	
3394	
3395	
3396	
3397	
3398	
3399	
3405	
3434	
3442	
3457	
3486	
3518	
3557	
3558	
3579	
3693	
3745	
3792	
3832	
3853	
3854	
3932	
3933	
3934	
3935	
3952	
4069	
4094	
4175	
4185	
4186	
4188	
4189	
4213	
4289	
4418	
4420	
4468	
4521	
4639	
4641	
4659	
4754	
4761	
4769	
4906	
4911	
4916	
4977	
4978	
4979	
4985	
5200	
5623	
5802	
5803	
5989	
5996	
5997	
6041	
6042	
6075	
6076	
6088	
6089	
6090	
6091	
6092	
6093	
6094	
6095	
6096	
6097	
6098	
6219	
6226	
6227	
6228	
6229	
6230	
6245	
6246	
6247	
6248	
6265	
6292	
6335	
6336	
6386	
6387	
6398	
6402	
6403	
6412	
6422	
6427	
6453	
6471	
6472	
6473	
6499	
6559	
6617	
6640	
6641	
6642	
6663	
6665	
6666	
6672	
6673	
6674	
6702	
6717	
6745	
6771	
6772	
6773	
6774	
6840	
6841	
6887	
6888	
6935	
6938	
7305	
7346	
7440	
7613	
7640	
7641	
7642	
7643	
7644	
7645	
7646	
7647	
7648	
7649	
7650	
7651	
7652	
7653	
7654	
7655	
7656	
7657	
7658	
7944	
7945	
8258	
8259	
8260	
8261	
8303	
8326	
8328	
8329	
8330	
8461	
8520	
8530	
8552	
8553	
8554	
8555	
8556	
8557	
8570	
8571	
8572	
8580	
8753	
8799	
8802	
8803	
8804	
8805	
8806	
8869	
8884	
8898	
8939	
8950	
8965	
8966	
8987	
8988	
8989	
8990	
8991	
8994	
9005	
9011	
9110	
9191	
9193	
9203	
9230	
9233	
9253	
9254	
9255	
9392	
9403	
9404	
9522	
9523	
9569	
9614	
9628	
9676	
9679	
9705	
9706	
9707	
9857	
9858	
9859	
9865	
9898	
9910	
9913	
9915	
9954	
9960	
9961	
9962	
9964	
9969	
9970	

