0005	_
0006	_
0015	_
0016	_
0017	_
0018	_
0019	_
0020	_
0021	6gk3
0022	_
0025	_
0027	_
0028	_
0029	_
0030	_
0032	_
0033	_
0034	_
0035	_
0036	_
0037	_
0039	_
0040	_
0041	_
0042	_
0045	_
0050	_
0052	_
0055	_
0072	_
0073	_
0074	_
0075	_
0078	_
0084	_
0085	_
0086	_
0087	_
0099	_
0100	_
0102	_
0109	_
0110	_
0111	_
0112	_
0113	_
0114	_
0115	_
0116	_
0117	_
0118	_
0119	_
0120	_
0121	_
0122	_
0123	_
0124	_
0125	_
0127	_
0130	_
0131	_
0144	P02794
0151	_
0152	_
0153	_
0155	_
0156	_
0157	_
0158	_
0159	_
0160	_
0161	_
0162	_
0163	_
0164	_
0165	_
0166	_
0167	_
0168	_
0169	_
0170	_
0171	_
0173	_
0178	_
0179	_
0184	_
0186	_
0187	_
0189	_
0191	_
0203	_
0205	_
0206	_
0207	_
0208	_
0218	_
0219	_
0220	_
0221	_
0222	_
0223	_
0224	_
0242	_
0245	_
0249	_
0250	_
0252	_
0253	_
0254	_
0255	_
0256	_
0263	_
0265	_
0266	_
0267	_
0268	_
0269	_
0274	_
0276	_
0277	_
0278	_
0284	_
0285	_
0286	_
0294	_
0295	_
0296	_
0300	_
0302	_
0304	_
0305	_
0306	_
0307	_
0321	_
0323	_
0324	_
0325	_
0330	6hyp
0338	_
0347	6n52
0350	_
0351	_
0352	_
0353	_
0354	_
0368	x
0378	_
0386	_
0387	_
0388	_
0389	_
0390	_
0391	_
0392	_
0393	_
0394	_
0395	_
0398	_
0399	_
0400	_
0409	_
0413	_
0414	_
0416	_
0417	_
0418	_
0419	_
0420	_
0421	_
0426	_
0427	_
0428	_
0429	_
0430	_
0431	_
0432	_
0437	_
0442	_
0444	_
0448	_
0450	_
0451	_
0453	_
0454	_
0455	6o1o
0459	_
0460	_
0464	_
0465	_
0466	_
0467	_
0474	_
0475	_
0481	_
0483	_
0484	_
0486	_
0487	_
0488	_
0489	_
0496	6nr8
0507	_
0508	_
0509	_
0511	_
0512	_
0513	_
0517	_
0518	_
0525	_
0529	_
0530	_
0531	_
0532	_
0533	_
0534	_
0536	_
0537	_
0538	_
0539	_
0540	_
0548	_
0549	_
0550	_
0551	_
0556	6nzd
0558	_
0561	_
0566	_
0568	_
0569	_
0570	_
0571	_
0572	_
0573	_
0574	_
0575	_
0576	_
0577	_
0578	_
0579	_
0580	_
0581	_
0582	_
0587	_
0588	_
0589	_
0602	_
0603	_
0604	_
0616	_
0617	_
0620	_
0621	_
0622	_
0623	_
0624	_
0627	Q8NE86
0628	_
0629	_
0630	_
0631	_
0634	_
0635	_
0636	_
0638	_
0639	_
0653	_
0654	_
0655	_
0678	6irs
0679	Q01650
0684	_
0685	_
0708	_
0714	_
0715	_
0722	_
0732	_
0733	_
0734	_
0735	_
0736	_
0737	_
0738	_
0739	_
0741	_
0755	_
0761	_
0762	_
0763	_
0764	_
0765	_
0766	_
0767	_
0769	6l49
0771	6l4a
0772	6l4a
0783	6r93
0786	_
0787	_
0788	_
0789	_
0793	_
0794	_
0795	_
0796	6kll
0797	6klp
0798	6kll
0799	6klp
0800	_
0802	6kll
0804	6klp
0805	6kll
0806	6klp
0807	6kll 6klp
0808	6kll 6klp
0809	_
0810	_
0811	_
0812	_
0813	_
0815	_
0817	_
0818	_
0819	_
0820	_
0823	_
0824	_
0829	_
0830	_
0834	_
0835	_
0845	_
0846	_
0847	_
0848	_
0851	_
0852	_
0861	6lat
0875	_
0878	_
0893	_
0898	6lhp
0900	_
0901	_
0905	_
0906	_
0907	_
0908	_
0929	_
0930	_
0934	_
0939	_
0961	_
0962	_
0969	_
0970	_
0971	_
0972	_
0973	_
0980	_
0983	_
0984	_
0985	_
0986	_
0987	_
0993	P63092 P62873 P59768 P41586
0994	_
0995	_
0996	_
0997	_
0998	_
0999	6lvz
_0385f3aaa0c9f6c4e08599a7b0daa735	6j0n
_11a5543731a6e1229d1a9793c0d5d3a0	Q2N0S6
_12e2f1fc4f129f9f4ea1e18d37835e54	7l7t
_1c44a18a04848d3a34b196e98082a64d	7d84
_37c952ba1da93d16c2d00132595cb926	7nt5
_9d5fc39fda4b58babb68cb93f2644b17	7dzw
_c6bb6a59043c013b5aed5a86074ca451	P0DTC2
_da92d2bdf5835d40133042b820431504	7d84
_deb55962d71597e5db9787f075ec1a55	7ajb
1000	6lw0
1016	_
1017	_
1018	_
1019	_
1020	_
1021	_
1022	_
1023	_
1024	_
1025	_
1026	_
1027	_
1028	_
1029	_
1030	_
1031	_
1032	_
1033	_
1034	_
1035	_
1036	_
1037	_
1038	_
1039	_
1040	_
1041	_
1043	_
1049	_
1050	_
1051	_
1052	_
1053	_
1054	_
1059	_
1060	_
1061	_
1062	_
1064	_
1065	_
1066	_
1068	_
1069	_
1070	_
1071	_
1072	_
1073	_
1074	_
1075	_
1076	_
1078	_
1079	_
1080	_
1081	_
1082	_
1083	_
1084	_
1085	_
1090	_
1091	_
1092	_
1093	_
1094	_
1095	_
1096	_
1097	_
1098	_
1099	_
1100	_
1101	_
1102	_
1103	_
1104	_
1105	_
1109	_
1110	_
1115	_
1116	_
1117	_
1118	_
1119	_
1120	_
1123	_
1124	_
1129	_
1130	_
1131	_
1134	_
1135	_
1138	_
1139	_
1140	_
1141	_
1142	_
1146	_
1147	_
1148	_
1150	_
1151	_
1152	_
1153	_
1154	_
1155	_
1156	_
1157	_
1158	_
1159	_
1160	_
1161	_
1162	_
1163	_
1164	_
1165	_
1168	_
1169	_
1170	_
1171	_
1172	_
1173	_
1174	_
1175	_
1176	_
1177	_
1179	2c9f
1186	_
1187	_
1188	_
1189	_
1190	_
1191	_
1192	_
1193	_
1194	_
1195	_
1196	_
1197	_
1198	_
1199	_
1200	_
1203	_
1204	_
1205	_
1207	_
1208	_
1209	_
1210	_
1211	_
1212	_
1213	_
1214	_
1215	_
1216	_
1218	_
1219	_
1220	_
1222	_
1223	_
1224	_
1225	_
1227	_
1228	_
1229	_
1230	_
1231	_
1232	_
1234	_
1235	_
1237	_
1238	_
1239	_
1241	_
1242	_
1243	_
1244	_
1245	_
1246	_
1247	_
1252	_
1253	_
1254	_
1255	_
1256	_
1257	_
1258	_
1259	_
1260	_
1265	_
1266	_
1267	_
1268	_
1269	_
1270	_
1271	_
1272	_
1273	_
1274	_
1275	_
1276	_
1277	_
1278	_
1279	_
1280	_
1281	_
1282	_
1283	_
1284	_
1286	_
1287	_
1289	_
1291	_
1292	_
1293	_
1294	_
1295	_
1296	_
1297	_
1298	_
1299	_
1301	_
1303	_
1304	_
1305	_
1306	_
1307	_
1308	_
1309	_
1312	_
1313	_
1317	_
1318	_
1319	_
1320	_
1322	_
1323	_
1324	_
1325	_
1326	_
1327	_
1328	_
1329	_
1330	_
1331	_
1332	_
1333	_
1334	_
1335	_
1336	_
1337	_
1338	_
1339	_
1341	_
1346	_
1347	_
1348	_
1349	_
1350	_
1351	_
1352	_
1353	_
1354	_
1355	_
1356	_
1357	_
1358	_
1359	_
1360	_
1361	_
1369	_
1370	_
1371	_
1372	_
1373	_
1374	_
1375	_
1376	_
1377	_
1378	_
1379	_
1380	_
1381	_
1382	_
1383	_
1384	_
1385	_
1386	_
1387	_
1388	_
1389	_
1390	_
1392	_
1393	_
1394	_
1395	_
1396	_
1397	_
1398	_
1399	_
1400	_
1401	_
1402	_
1403	_
1404	_
1405	_
1406	_
1407	_
1408	_
1409	_
1410	_
1411	_
1414	_
1415	_
1419	_
1420	_
1421	_
1422	_
1423	_
1424	_
1425	_
1427	_
1428	_
1429	_
1431	_
1432	_
1433	_
1434	_
1435	_
1437	_
1438	_
1439	_
1441	_
1442	_
1443	_
1444	_
1445	_
1446	_
1447	_
1449	_
1450	_
1451	_
1452	_
1453	_
1454	_
1456	3bbx
1457	_
1458	_
1459	_
1460	_
1461	_
1462	_
1463	_
1464	_
1465	_
1466	_
1467	_
1468	_
1471	_
1472	_
1475	_
1476	_
1480	_
1481	_
1482	_
1483	_
1485	_
1486	_
1487	_
1488	_
1489	_
1490	_
1491	_
1492	_
1493	_
1496	_
1497	_
1498	_
1500	_
1501	_
1502	_
1503	_
1504	3cs0
1506	_
1507	_
1509	_
1510	_
1511	_
1512	_
1513	_
1514	_
1515	_
1516	_
1517	_
1518	_
1519	_
1520	_
1521	_
1522	_
1523	_
1525	_
1526	_
1527	_
1530	_
1531	_
1532	_
1533	_
1536	_
1537	_
1538	_
1539	_
1540	_
1541	_
1542	_
1544	_
1545	_
1546	_
1547	_
1548	_
1549	_
1550	_
1551	_
1552	_
1553	_
1554	_
1555	_
1556	_
1557	_
1558	_
1559	_
1560	_
1566	_
1567	_
1568	_
1573	_
1574	_
1575	_
1576	_
1577	_
1578	_
1579	_
1580	_
1581	_
1582	_
1583	_
1586	_
1587	_
1588	_
1590	_
1591	_
1592	_
1594	_
1595	_
1596	_
1597	_
1598	3flp
1599	_
1600	_
1601	_
1602	_
1605	_
1606	_
1607	_
1608	_
1610	_
1611	_
1612	_
1613	_
1614	_
1615	_
1616	_
1617	_
1618	_
1619	_
1620	_
1622	_
1623	_
1624	_
1628	_
1629	_
1630	_
1631	_
1632	_
1633	_
1634	_
1635	_
1636	_
1637	_
1638	_
1639	_
1640	_
1642	_
1643	_
1644	_
1645	_
1646	_
1648	_
1649	_
1650	_
1651	_
1658	_
1659	_
1661	_
1664	_
1665	_
1666	_
1668	_
1670	_
1671	_
1672	_
1673	_
1675	_
1679	_
1680	_
1681	_
1682	_
1683	_
1684	_
1685	_
1686	_
1687	_
1688	_
1689	_
1690	_
1691	_
1692	_
1693	_
1694	_
1696	_
1697	_
1698	_
1700	_
1701	_
1702	_
1703	_
1704	_
1706	_
1707	_
1708	_
1709	_
1711	_
1712	_
1714	_
1715	_
1725	_
1726	_
1727	_
1728	_
1729	_
1732	_
1734	_
1735	_
1736	_
1737	_
1738	_
1739	_
1741	_
1742	_
1743	_
1744	_
1746	_
1747	_
1750	_
1751	_
1752	_
1753	_
1754	_
1755	_
1756	_
1757	_
1758	_
1759	_
1760	_
1763	_
1765	_
1766	_
1767	_
1768	_
1769	_
1770	_
1771	_
1772	_
1773	_
1774	_
1775	_
1778	_
1779	_
1781	_
1782	_
1783	_
1784	_
1785	_
1786	_
1787	_
1792	_
1793	_
1794	_
1795	_
1796	_
1797	_
1800	_
1801	_
1802	_
1803	_
1804	_
1805	_
1806	_
1807	_
1808	_
1809	_
1812	_
1813	_
1814	_
1815	_
1816	_
1817	_
1818	_
1819	_
1820	_
1821	_
1822	_
1823	_
1825	_
1827	_
1828	_
1829	_
1830	_
1832	_
1833	_
1834	_
1835	_
1836	_
1837	_
1838	_
1839	_
1840	_
1841	_
1842	_
1843	_
1844	_
1845	_
1846	_
1847	_
1848	_
1851	_
1852	_
1853	_
1856	_
1857	_
1859	_
1860	_
1861	_
1862	_
1865	_
1866	_
1867	_
1868	_
1869	_
1870	_
1873	_
1877	_
1878	_
1879	_
1880	_
1881	_
1882	_
1883	_
1885	_
1887	_
1888	_
1889	_
1890	_
1891	_
1892	_
1893	_
1896	_
1897	_
1898	_
1899	_
1900	_
1901	_
1902	_
1903	_
1904	_
1905	_
1906	_
1907	_
1908	_
1909	_
1910	_
1911	_
1912	_
1913	_
1914	_
1919	_
1920	_
1921	_
1923	_
1924	_
1925	_
1926	_
1927	_
1928	_
1929	_
1930	_
1931	_
1934	_
1935	_
1936	_
1937	_
1938	_
1939	_
1941	_
1942	_
1943	_
1944	_
1945	_
1946	_
1947	_
1948	_
1951	_
1952	_
1953	_
1954	_
1956	_
1957	_
1958	_
1959	_
1964	_
1965	_
1967	_
1968	_
1969	_
1970	_
1972	_
1973	_
1974	_
1975	_
1976	_
1977	_
1979	_
1985	_
1986	_
1991	_
1992	_
1993	_
1994	_
1995	_
1996	_
1997	_
2004	_
2006	_
2007	_
2008	_
2011	_
2013	_
2014	_
2015	_
2016	_
2018	_
2019	_
2020	_
2021	_
2022	_
2023	_
2024	_
2025	_
2026	_
2029	_
2030	_
2031	_
2032	_
2033	_
2034	_
2035	_
2036	_
2037	_
2038	_
2039	_
2040	_
2041	_
2043	_
2044	_
2045	_
2046	_
2047	_
2048	_
2050	_
2051	_
2052	_
2053	_
2054	_
2056	A0A077D153
2057	_
2058	_
2059	_
2060	_
2061	_
2062	_
2063	_
2064	_
2065	_
2066	_
2067	_
2069	_
2070	_
2073	_
2074	_
2075	_
2076	_
2079	_
2080	_
2081	_
2084	_
2085	_
2086	_
2087	_
2088	_
2091	_
2092	_
2093	_
2094	_
2099	_
2101	_
2102	_
2103	_
2104	_
2106	_
2107	_
2108	_
2109	_
2110	_
2111	_
2112	_
2113	_
2114	_
2115	_
2116	_
2117	_
2118	_
2119	_
2120	_
2121	_
2122	_
2123	_
2124	_
2125	_
2126	_
2127	_
2128	_
2129	_
2130	_
2131	_
2132	_
2133	_
2136	_
2137	_
2138	_
2139	_
2140	_
2143	_
2144	_
2145	_
2146	_
2147	_
2148	_
2149	_
2150	_
2151	_
2152	_
2153	_
2154	_
2155	_
2156	_
2157	_
2158	_
2159	_
2160	_
2162	_
2163	_
2164	_
2166	_
2167	_
2168	_
2170	_
2171	_
2172	_
2173	_
2174	_
2175	_
2176	_
2177	_
2179	_
2180	_
2181	_
2182	_
2184	_
2185	_
2186	_
2187	_
2188	_
2189	_
2190	_
2191	_
2192	_
2193	_
2194	_
2195	_
2196	_
2197	_
2198	_
2199	_
2200	_
2201	_
2202	_
2203	_
2204	_
2206	_
2207	_
2208	_
2210	_
2212	_
2213	_
2214	_
2215	_
2216	_
2217	_
2218	_
2220	_
2222	_
2223	_
2224	_
2225	_
2226	_
2227	_
2228	_
2229	_
2230	_
2231	_
2234	_
2235	_
2236	_
2241	Q2N0S6
2242	_
2243	_
2244	_
2245	_
2246	_
2247	_
2248	_
2249	_
2250	_
2251	_
2252	_
2253	_
2254	_
2255	_
2256	_
2257	_
2258	_
2259	_
2260	_
2261	_
2262	_
2263	_
2264	_
2265	_
2266	_
2267	_
2268	_
2269	_
2270	_
2271	_
2272	_
2274	_
2275	_
2276	_
2277	_
2279	_
2282	_
2283	_
2284	_
2285	_
2286	_
2287	_
2304	_
2305	_
2306	_
2307	_
2308	_
2309	_
2317	_
2318	_
2328	_
2329	_
2330	_
2331	_
2335	_
2336	_
2337	_
2338	_
2340	_
2341	_
2342	_
2343	_
2344	_
2345	_
2346	_
2352	_
2353	_
2354	_
2357	_
2358	_
2359	_
2360	_
2361	_
2362	_
2363	_
2367	_
2368	_
2370	_
2373	_
2374	_
2375	_
2385	_
2386	_
2391	_
2394	_
2401	_
2410	_
2411	_
2412	_
2413	_
2414	_
2416	_
2417	_
2419	_
2420	_
2423	_
2424	_
2433	_
2435	_
2437	_
2438	_
2439	_
2440	_
2443	_
2444	_
2445	_
2450	_
2453	_
2454	_
2455	_
2456	_
2457	_
2458	_
2459	_
2460	_
2461	_
2462	_
2463	_
2464	_
2465	_
2466	_
2467	_
2468	_
2469	_
2470	_
2479	_
2480	_
2481	_
2482	_
2483	_
2484	_
2487	_
2488	_
2489	_
2491	_
2492	_
2493	_
2494	_
2495	_
2496	_
2497	_
2498	_
2499	_
2500	_
2501	_
2502	_
2506	_
2507	_
2509	_
2514	_
2515	_
2516	_
2517	_
2518	_
2519	_
2520	_
2521	_
2522	_
2523	_
2531	_
2543	_
2544	_
2545	_
2550	_
2553	_
2554	_
2556	_
2558	_
2560	_
2561	_
2562	_
2563	_
2564	_
2565	_
2567	_
2568	_
2569	_
2570	_
2571	_
2573	_
2574	_
2575	_
2576	_
2577	_
2578	_
2579	_
2580	_
2581	_
2599	_
2600	_
2601	_
2602	_
2603	_
2604	_
2607	_
2608	_
2609	_
2610	_
2620	_
2621	_
2622	_
2625	_
2628	_
2629	_
2630	Q9DQA5
2632	_
2633	_
2634	_
2635	_
2637	_
2640	_
2641	_
2645	_
2647	_
2651	_
2652	_
2653	_
2654	_
2655	_
2656	_
2657	_
2658	_
2659	_
2661	_
2667	_
2668	_
2669	_
2670	_
2671	_
2672	_
2676	_
2690	_
2691	_
2692	_
2693	_
2694	_
2696	_
2698	_
2700	_
2702	_
2703	_
2704	_
2707	_
2708	_
2711	_
2713	_
2716	_
2717	_
2753	_
2754	_
2755	_
2756	_
2757	_
2758	_
2774	_
2775	_
2781	_
2782	_
2783	_
2791	_
2792	_
2797	_
2798	_
2802	_
2803	_
2804	_
2805	_
2806	_
2811	_
2812	_
2814	_
2816	_
2817	_
2818	_
2819	_
2820	_
2821	_
2822	_
2823	4pb6
2825	_
2826	_
2827	_
2828	_
2829	_
2830	_
2831	_
2833	_
2834	_
2835	_
2836	_
2837	_
2838	_
2839	_
2840	_
2841	_
2849	_
2852	_
2853	_
2854	_
2855	_
2858	_
2861	_
2862	_
2863	_
2864	_
2865	_
2866	_
2868	_
2869	_
2872	_
2873	_
2874	_
2877	_
2878	_
2879	x
2880	x
2881	x
2882	_
2883	_
2884	_
2885	_
2886	_
2887	_
2888	_
2889	_
2890	_
2891	_
2892	_
2893	_
2894	_
2895	_
2897	5ahv
2902	_
2903	_
2904	_
2905	_
2906	_
2907	_
2908	_
2909	_
2910	_
2911	_
2921	_
2922	_
2923	_
2926	4ui9
2929	_
2931	_
2932	_
2933	_
2939	_
2940	_
2941	_
2942	_
2943	_
2944	_
2948	_
2949	_
2950	_
2951	_
2952	_
2953	_
2954	_
2955	_
2956	_
2957	_
2958	_
2959	_
2960	_
2961	_
2964	_
2965	_
2966	_
2969	_
2970	_
2972	_
2973	2b6o
2975	_
2976	_
2977	_
2982	_
2990	_
2991	_
2997	_
2998	_
2999	_
3003	_
3004	_
3005	_
3006	_
3007	_
3008	_
3009	_
3010	_
3011	_
3012	_
3021	_
3022	_
3023	_
3024	_
3025	_
3026	_
3027	_
3031	_
3032	_
3033	_
3036	_
3037	_
3045	_
3046	_
3050	3jap
3051	_
3052	_
3053	_
3054	_
3055	_
3058	_
3059	Q2N0S6
3067	_
3069	_
3070	_
3071	_
3072	_
3075	_
3077	_
3078	_
3092	_
3093	_
3098	_
3100	_
3104	5a9q
3105	_
3106	_
3107	_
3109	_
3110	_
3111	_
3115	_
3116	_
3117	_
3118	_
3119	_
3120	5aco
3122	_
3123	_
3124	_
3125	4z0c
3128	_
3131	_
3134	_
3135	_
3138	_
3139	_
3140	_
3141	_
3142	_
3143	_
3148	_
3149	_
3150	_
3154	_
3155	_
3156	_
3157	_
3158	_
3159	_
3160	_
3161	_
3162	_
3163	_
3171	_
3172	_
3173	_
3174	_
3175	_
3176	_
3177	_
3181	5ara
3183	_
3184	_
3200	_
3203	_
3207	_
3212	5flc
3215	_
3216	_
3217	_
3219	_
3220	_
3223	_
3224	_
3225	_
3226	_
3228	_
3232	_
3248	_
3249	_
3250	_
3251	_
3252	_
3253	_
3254	_
3255	_
3256	_
3257	_
3258	_
3259	_
3261	_
3262	_
3263	_
3264	_
3266	_
3267	_
3268	_
3269	_
3270	_
3271	_
3272	_
3280	_
3281	_
3282	_
3284	_
3286	_
3287	_
3288	_
3290	_
3291	_
3294	_
3300	_
3303	_
3304	_
3306	_
3309	_
3312	_
3322	_
3330	_
3332	_
3333	5g2x
3345	_
3346	_
3347	_
3348	_
3350	_
3351	_
3357	_
3358	_
3359	_
3360	_
3361	_
3363	_
3365	_
3367	_
3368	_
3369	_
3370	_
3371	_
3372	_
3373	_
3375	5fyw
3376	5fyw
3377	x
3379	x
3380	5fyw
3381	x
3382	5fyw
3392	_
3393	_
3394	_
3395	_
3397	_
3398	_
3399	_
3402	_
3403	_
3404	_
3405	_
3406	_
3408	_
3409	_
3410	_
3411	_
3412	_
3413	_
3414	5jcg
3418	_
3419	_
3420	_
3437	_
3438	_
3441	_
3443	_
3450	_
3452	_
3453	_
3454	_
3455	_
3456	_
3457	_
3458	_
3462	_
3463	_
3464	_
3476	_
3486	_
3487	_
3496	_
3497	_
3498	_
3499	_
3500	_
3501	_
3502	_
3503	_
3504	_
3505	_
3507	_
3509	_
3510	_
3511	_
3512	_
3513	_
3514	_
3515	_
3516	_
3517	_
3518	_
3526	_
3540	_
3542	_
3546	_
3547	_
3548	_
3549	_
3550	_
3554	_
3555	_
3556	_
3557	_
3558	_
3559	_
3560	_
3563	5mxn
3564	A0A085SGI6 A0A085SRC0
3568	_
3569	_
3577	_
3579	_
3582	_
3584	_
3585	_
3586	_
3587	_
3588	5n0b
3596	_
3599	_
3603	Q79PF4 Q79PF5
3606	_
3607	_
3608	_
3609	_
3610	_
3612	_
3613	_
3614	_
3615	_
3616	_
3626	_
3627	_
3628	_
3629	_
3638	_
3639	_
3641	5ngi
3642	_
3643	_
3644	_
3645	_
3649	5ngi
3650	_
3651	_
3655	_
3657	_
3659	_
3660	_
3664	_
3668	_
3670	_
3671	_
3673	_
3674	_
3675	_
3677	Q03940 Q12464
3678	Q03940 Q12464 H0GH58
3679	_
3680	_
3681	_
3682	_
3684	_
3685	_
3686	_
3687	_
3688	_
3689	_
3690	_
3691	_
3692	_
3693	_
3694	_
3697	5nss
3700	_
3701	_
3702	_
3703	_
3704	_
3705	_
3707	5nw4
3708	_
3709	_
3710	_
3711	_
3712	_
3714	_
3715	_
3716	_
3717	_
3718	_
3725	_
3728	_
3729	_
3732	_
3733	_
3734	_
3735	_
3736	_
3737	_
3738	_
3739	_
3740	_
3744	_
3745	_
3753	_
3755	_
3756	_
3757	_
3759	_
3760	_
3762	_
3763	_
3764	_
3767	_
3768	_
3769	_
3772	_
3774	_
3775	_
3779	_
3781	_
3782	_
3784	_
3786	_
3787	_
3788	_
3789	_
3791	_
3792	_
3793	_
3794	_
3795	_
3796	_
3797	_
3798	_
3799	_
3800	_
3801	_
3804	_
3806	_
3807	_
3808	_
3810	_
3811	_
3812	_
3813	_
3814	_
3815	_
3816	_
3818	_
3819	_
3820	_
3822	_
3823	_
3825	_
3826	_
3827	_
3828	_
3829	_
3830	_
3831	_
3832	_
3833	6f0l
3834	_
3840	_
3841	6eho
3845	_
3848	_
3849	_
3853	P02794
3854	P02794
3858	_
3859	_
3864	_
3868	_
3870	_
3872	_
3873	_
3874	_
3875	_
3876	_
3877	_
3878	_
3879	_
3887	_
3892	_
3900	_
3901	_
3902	_
3904	_
3905	_
3909	_
3910	_
3911	_
3912	_
3917	_
3918	_
3919	_
3920	_
3921	_
3922	_
3923	_
3924	_
3925	_
3926	_
3927	5zcs P85299
3928	Q6R327 Q9BPZ7 P85299
3929	_
3930	_
3931	_
3932	_
3933	_
3934	_
3935	_
3936	_
3937	_
3938	_
3939	_
3940	_
3942	_
3943	_
3945	_
3946	_
3952	_
3959	_
3967	_
3968	_
3969	_
3970	_
3971	_
3972	_
3973	_
3974	_
3975	_
3976	_
3977	_
3978	_
3980	_
3982	_
3985	_
3986	x
3987	x
3988	x
3989	x
3990	x
3991	x
3992	x
3993	x
3994	x
3995	_
3996	_
3997	_
3998	_
4000	_
4003	_
4006	_
4007	_
4008	_
4010	_
4011	_
4012	_
4013	_
4016	_
4017	_
4018	_
4019	_
4020	_
4022	_
4023	_
4024	_
4026	_
4027	_
4028	_
4029	_
4030	_
4031	_
4034	_
4035	_
4036	_
4043	_
4045	_
4047	_
4048	_
4049	_
4054	_
4056	_
4058	_
4059	_
4060	_
4065	_
4066	_
4067	_
4069	_
4072	_
4081	_
4082	_
4084	_
4085	_
4086	_
4087	_
4090	_
4091	_
4092	_
4095	_
4096	_
4097	_
4103	_
4104	_
4105	_
4106	_
4108	_
4109	_
4110	_
4111	_
4116	5a1a
4119	_
4120	_
4127	5lzp
4129	_
4142	5m1s
4143	_
4144	_
4145	_
4149	_
4150	_
4151	_
4152	_
4153	_
4157	_
4158	_
4159	_
4164	6f0l
4175	_
4184	_
4185	P0A6F5
4186	_
4187	_
4188	_
4191	_
4202	_
4203	_
4204	_
4205	_
4206	_
4207	_
4208	_
4209	_
4210	_
4211	_
4212	_
4213	P02794
4215	x
4216	6fai
4217	6fai
4218	6fai
4221	_
4222	_
4223	_
4224	_
4226	_
4227	_
4228	_
4229	_
4231	6fcz
4233	_
4234	_
4235	_
4236	_
4237	_
4238	_
4239	_
4243	_
4244	_
4245	_
4247	_
4248	_
4249	_
4250	_
4251	_
4252	_
4253	_
4254	_
4257	_
4260	_
4261	_
4262	_
4263	_
4265	_
4267	_
4268	_
4269	_
4273	_
4278	6fml
4280	6fml
4283	_
4284	_
4285	_
4289	6fo1 Q9NWS0
4290	6fo1 Q9NWS0
4291	Q9Y265 Q9Y230 Q9H6T3 Q9NWS0
4293	_
4294	_
4296	_
4304	_
4305	_
4306	6ftg
4307	6ftg
4308	6ftg
4309	6ftg
4310	6ftg
4311	6ftg
4312	6ftg
4313	6ftg
4314	6ftg
4329	_
4330	_
4331	_
4332	_
4333	_
4334	_
4335	O08585 Q68FD5
4347	_
4354	_
4355	_
4357	_
4361	_
4363	_
4365	_
4371	_
4372	_
4373	_
4374	_
4375	_
4376	_
4377	_
4385	6gcs
4387	_
4388	_
4389	_
4392	_
4393	_
4402	_
4403	_
4406	_
4407	_
4408	_
4409	_
4414	_
4415	_
4416	_
4417	_
4419	_
4421	_
4422	_
4424	_
4425	_
4436	_
4437	_
4439	_
4445	_
4446	_
4448	_
4449	_
4450	_
4451	_
4452	_
4453	_
4454	_
4455	_
4456	_
4457	_
4458	_
4462	_
4463	_
4464	_
4467	_
4471	_
4472	_
4473	_
4483	_
4484	_
4485	P02791
4486	_
4487	_
4488	_
4490	_
4491	_
4492	_
4503	_
4506	_
4507	_
4510	_
4526	_
4527	_
4528	_
4529	_
4530	_
4532	_
4533	_
4534	_
4535	_
4536	_
4540	_
4541	_
4549	_
4550	_
4554	_
4555	_
4556	_
4557	_
4561	_
4562	_
4568	_
4569	_
4573	_
4574	_
4576	_
4584	6rzv
4596	_
4597	_
4599	_
4600	_
4601	_
4602	_
4603	_
4604	_
4605	6hpo
4615	_
4620	_
4622	_
4623	_
4625	_
4631	_
4632	_
4634	_
4639	_
4641	_
4642	_
4648	_
4651	_
4652	_
4653	_
4656	_
4664	6qx8
4667	6qxm
4672	_
4673	_
4674	_
4675	_
4676	_
4680	_
4682	_
4683	_
4686	_
4687	_
4688	_
4689	_
4690	_
4691	6qzt
4693	6r0c
4694	_
4695	_
4696	_
4697	_
4698	_
4701	_
4711	_
4712	_
4713	_
4714	_
4715	_
4720	_
4723	6r4p
4724	6r4p
4725	6r3q
4726	E1BM79
4730	_
4731	_
4755	_
4756	_
4757	_
4758	_
4760	_
4771	6r4l
4783	_
4790	_
4791	_
4797	_
4799	_
4801	_
4804	_
4859	_
4864	_
4866	_
4867	6zjm
4869	_
4870	_
4871	_
4875	_
4878	_
4879	_
4880	_
4881	_
4891	x
4895	_
4896	_
4911	_
4914	_
4915	_
4916	_
4920	_
4921	_
4922	_
4923	_
4924	_
4925	_
4926	_
4927	_
4929	_
4930	_
4931	_
4932	_
4933	_
4934	_
4935	_
4938	_
4939	Q13635
4943	_
4944	_
4945	_
4947	_
4948	_
4949	_
4950	_
4951	_
4952	_
4953	_
4954	_
4955	_
4956	_
4957	_
4958	_
4961	_
4962	_
4963	_
4964	_
4965	_
4966	_
4967	_
4968	_
4969	_
4971	6qle
4976	_
4979	_
4991	_
4992	_
4993	_
4995	_
5007	_
5008	_
5009	_
5010	_
5011	_
5012	_
5013	_
5014	_
5016	_
5024	_
5025	_
5026	_
5031	_
5032	_
5033	_
5034	_
5035	_
5039	_
5040	_
5041	_
5042	_
5043	_
5044	_
5045	_
5046	_
5047	_
5048	_
5049	_
5050	_
5051	_
5052	_
5105	_
5106	_
5107	_
5108	_
5109	_
5110	_
5111	_
5112	_
5114	_
5115	_
5116	_
5118	_
5121	_
5124	_
5125	_
5126	_
5130	_
5131	_
5132	_
5133	_
5134	_
5135	_
5136	_
5139	3iyf
5141	_
5142	_
5143	_
5144	_
5151	_
5152	_
5153	_
5154	_
5157	_
5158	_
5159	_
5164	_
5165	_
5166	_
5167	_
5171	_
5174	_
5175	_
5176	_
5177	_
5178	_
5181	_
5182	_
5183	_
5184	_
5187	_
5191	_
5192	_
5193	_
5194	_
5195	_
5196	_
5197	_
5198	_
5200	_
5203	_
5204	_
5205	_
5206	_
5207	_
5208	_
5209	_
5210	_
5212	_
5213	_
5214	_
5215	_
5216	_
5217	_
5218	_
5219	_
5220	_
5221	_
5222	_
5224	_
5225	_
5226	_
5227	_
5228	_
5229	_
5230	_
5231	_
5232	_
5236	_
5237	_
5239	_
5241	_
5242	_
5243	_
5252	_
5254	_
5255	_
5259	_
5260	_
5261	_
5262	_
5263	_
5264	_
5265	_
5266	_
5267	_
5269	_
5270	_
5272	_
5273	_
5274	_
5278	_
5280	_
5282	_
5283	_
5284	_
5285	_
5286	_
5288	_
5289	_
5290	_
5293	_
5294	_
5295	_
5297	_
5298	_
5299	_
5300	_
5301	_
5302	_
5303	_
5304	_
5305	_
5306	_
5307	_
5308	_
5309	_
5310	_
5311	_
5312	_
5313	_
5314	_
5315	_
5316	_
5317	_
5318	_
5319	_
5320	_
5321	_
5322	_
5323	_
5324	_
5325	_
5326	_
5327	_
5330	_
5334	_
5336	_
5337	_
5338	_
5339	_
5340	_
5341	3tol
5342	_
5344	_
5345	_
5346	_
5347	_
5348	_
5353	_
5355	_
5356	_
5357	_
5358	_
5365	_
5366	_
5367	_
5368	_
5369	_
5370	_
5371	_
5372	_
5373	_
5374	_
5375	_
5377	_
5378	_
5379	_
5380	_
5381	_
5382	_
5383	_
5384	_
5385	_
5387	_
5389	_
5404	_
5405	_
5406	_
5408	_
5409	_
5411	_
5412	_
5413	_
5414	_
5416	_
5417	_
5418	_
5419	_
5420	_
5421	_
5425	_
5426	_
5427	_
5428	_
5429	_
5430	_
5431	_
5432	_
5433	_
5434	_
5435	_
5436	_
5437	_
5438	3vcd
5440	_
5441	_
5442	_
5443	_
5444	_
5445	_
5446	_
5447	_
5448	_
5449	_
5451	_
5452	_
5453	_
5454	_
5455	_
5456	_
5457	_
5458	_
5459	_
5460	_
5461	_
5462	_
5463	_
5467	_
5468	_
5469	_
5470	_
5471	_
5472	_
5473	_
5474	_
5476	_
5477	_
5478	_
5479	_
5480	_
5481	_
5482	_
5483	_
5484	_
5485	_
5486	_
5487	_
5488	_
5489	_
5490	_
5491	_
5492	_
5493	_
5494	_
5496	_
5497	_
5498	_
5500	_
5501	_
5502	_
5503	_
5504	_
5505	_
5506	_
5507	_
5508	_
5509	_
5510	_
5511	_
5512	_
5515	_
5516	_
5517	_
5519	_
5523	_
5524	_
5525	_
5526	_
5527	_
5529	_
5530	_
5531	_
5532	_
5533	_
5534	_
5535	_
5536	_
5537	_
5538	_
5539	_
5541	_
5542	_
5543	_
5544	_
5545	_
5546	_
5547	_
5548	_
5549	_
5550	_
5551	_
5552	_
5553	_
5554	_
5555	_
5556	_
5557	_
5558	_
5560	_
5561	_
5563	_
5564	_
5576	_
5578	_
5579	_
5580	_
5581	_
5585	_
5588	_
5589	_
5593	_
5594	_
5595	_
5596	_
5597	_
5598	_
5611	_
5612	_
5613	_
5614	_
5615	_
5616	_
5617	_
5618	_
5619	_
5620	_
5621	_
5622	_
5624	_
5625	_
5626	_
5627	_
5628	_
5629	_
5630	_
5631	_
5632	_
5633	_
5638	_
5646	_
5650	_
5652	_
5654	_
5655	_
5656	_
5657	_
5659	_
5660	_
5661	_
5668	_
5669	_
5670	_
5671	_
5673	_
5675	_
5676	_
5677	_
5680	_
5682	_
5683	_
5684	_
5685	_
5686	_
5687	_
5689	_
5694	_
5695	_
5696	_
5697	_
5699	_
5700	_
5701	_
5702	_
5703	_
5704	_
5705	_
5706	_
5707	_
5708	_
5709	_
5711	_
5712	_
5713	_
5716	_
5717	_
5718	_
5724	_
5725	_
5726	_
5727	_
5728	_
5729	_
5730	_
5731	_
5733	_
5738	_
5741	_
5742	_
5743	_
5744	_
5745	_
5746	_
5754	_
5759	_
5760	_
5761	_
5765	_
5766	_
5767	_
5768	_
5769	_
5770	_
5772	_
5773	_
5774	_
5780	_
5781	_
5782	_
5787	_
5788	_
5789	_
5790	_
5791	_
5792	_
5793	_
5794	_
5796	_
5804	_
5805	_
5806	_
5807	_
5808	_
5809	_
5810	_
5811	_
5812	_
5813	_
5814	_
5815	_
5816	_
5817	_
5818	_
5819	_
5820	_
5821	_
5822	_
5823	_
5824	_
5828	_
5829	_
5837	_
5838	_
5839	_
5840	_
5845	_
5846	_
5847	_
5848	_
5849	_
5850	_
5851	_
5852	_
5853	_
5854	_
5855	_
5856	_
5857	_
5861	_
5862	_
5863	_
5864	_
5865	_
5866	_
5867	_
5868	_
5869	_
5870	_
5871	_
5872	_
5873	_
5874	_
5875	_
5876	_
5877	_
5878	_
5879	_
5880	_
5881	_
5882	_
5883	_
5884	_
5885	_
5887	_
5889	_
5898	_
5899	_
5900	_
5904	_
5905	_
5906	_
5907	_
5908	_
5909	_
5910	_
5912	_
5913	_
5914	_
5915	_
5918	_
5919	_
5920	_
5921	_
5922	Q7Z434
5928	_
5936	_
5937	_
5938	_
5939	_
5940	_
5944	_
5945	_
5946	_
5947	_
5948	_
5949	Q9DQA5
5950	_
5951	_
5952	4nwv
5953	4pt2
5982	_
5983	_
5984	_
5985	_
5986	_
5987	_
5988	_
5989	_
5991	_
5992	_
5993	_
5996	_
5997	_
6001	_
6002	_
6003	_
6004	_
6007	_
6009	_
6010	_
6011	_
6012	_
6018	_
6019	_
6020	_
6021	_
6022	_
6023	_
6024	_
6025	_
6026	_
6027	_
6028	_
6029	_
6030	_
6031	_
6032	_
6033	_
6036	3j7x
6041	_
6042	_
6043	_
6044	_
6075	_
6076	_
6077	_
6078	_
6079	_
6080	_
6081	_
6082	_
6083	_
6084	_
6088	_
6089	_
6090	_
6091	_
6092	_
6093	_
6094	_
6095	_
6096	_
6097	_
6098	_
6099	_
6103	_
6104	_
6105	_
6108	_
6109	_
6110	_
6111	_
6112	_
6113	_
6114	_
6115	_
6116	_
6117	_
6118	_
6119	_
6123	_
6125	_
6126	_
6127	_
6128	_
6129	_
6130	_
6131	_
6132	_
6133	_
6134	_
6135	_
6136	_
6137	_
6138	_
6139	_
6140	_
6141	_
6142	_
6143	_
6144	_
6145	_
6150	_
6151	_
6152	_
6153	_
6154	_
6155	_
6156	_
6157	_
6158	_
6159	_
6160	_
6161	_
6162	_
6163	_
6164	_
6165	_
6166	_
6167	_
6168	4qc8
6169	_
6170	_
6171	_
6172	_
6173	_
6174	_
6175	_
6176	_
6177	_
6178	_
6182	_
6183	_
6186	_
6189	_
6190	_
6191	_
6192	_
6193	_
6194	_
6195	_
6196	_
6197	_
6198	_
6199	_
6201	_
6203	3j9b
6210	3j96
6211	_
6212	_
6213	_
6214	_
6219	_
6220	_
6221	_
6222	_
6223	_
6225	3j9c
6226	_
6227	_
6228	_
6229	_
6230	_
6232	_
6233	_
6234	_
6235	_
6236	_
6237	_
6238	_
6241	_
6242	_
6244	_
6245	_
6246	_
6247	_
6248	_
6249	_
6250	_
6251	_
6252	_
6256	_
6259	_
6260	_
6264	_
6265	_
6289	_
6290	_
6291	_
6292	_
6293	_
6294	_
6295	_
6296	_
6297	_
6298	_
6299	_
6300	_
6301	_
6303	_
6305	_
6307	_
6317	_
6318	_
6320	3ja6
6323	_
6325	_
6326	_
6327	_
6328	_
6329	_
6332	_
6334	_
6335	_
6336	_
6341	_
6347	3jak
6348	3jak
6355	3jas
6356	_
6357	_
6358	_
6367	_
6368	_
6372	_
6373	_
6379	_
6380	_
6385	_
6386	_
6387	_
6388	_
6389	_
6390	_
6391	_
6392	_
6393	_
6395	_
6399	_
6402	_
6403	_
6405	_
6406	_
6407	_
6409	_
6410	_
6411	_
6412	_
6422	_
6423	_
6427	_
6428	Q7Z434
6429	_
6431	_
6432	_
6436	_
6437	_
6438	_
6440	3jca
6442	_
6443	_
6444	_
6445	_
6449	3jbi
6450	3jbj
6451	3jbj
6457	_
6462	_
6463	_
6464	_
6465	_
6466	_
6467	_
6468	_
6469	_
6470	_
6471	_
6472	_
6473	_
6474	_
6477	_
6484	3jbu
6485	3jbu
6499	_
6500	_
6504	_
6505	_
6506	_
6507	_
6508	_
6509	_
6510	_
6511	_
6512	_
6513	_
6514	_
6515	_
6516	_
6517	_
6518	_
6519	_
6520	_
6521	_
6522	_
6523	_
6524	_
6527	_
6528	_
6529	_
6530	_
6531	_
6532	_
6538	_
6539	_
6540	_
6541	_
6554	_
6556	_
6557	_
6558	_
6560	_
6576	3jco
6577	3jco
6578	3jco
6579	3jco
6586	_
6587	_
6588	_
6589	_
6590	_
6591	_
6592	_
6593	_
6594	_
6595	_
6607	_
6608	_
6609	_
6610	_
6611	_
6612	_
6613	_
6614	_
6616	_
6621	_
6622	_
6623	_
6624	_
6625	_
6626	_
6627	_
6628	_
6636	_
6638	_
6639	_
6642	_
6651	5juo
6657	_
6663	_
6665	_
6666	_
6669	_
6670	_
6672	5xf8
6673	P53091 P38132 P30665 P29496 P29469 P24279
6674	P53091 P38132 P30665 P29496 P29469 P24279
6678	5wq9
6680	_
6681	_
6682	_
6691	5wve
6692	5wve
6697	5wyj
6702	_
6712	_
6713	_
6715	P15928
6716	P15928 P0A1J9
6717	_
6718	_
6719	_
6720	_
6722	_
6723	_
6725	_
6726	_
6727	_
6728	5xlo
6730	5xlo
6735	P52917
6736	P52917
6737	_
6738	_
6739	_
6740	_
6745	_
6748	_
6749	_
6750	_
6753	_
6754	_
6755	_
6756	_
6758	5y6p
6759	5y6p
6760	5y6p
6761	5y6p
6762	5y6p
6763	5y6p
6764	5y6p
6765	5y6p
6766	5y6p
6767	5y6p
6768	5y6p
6769	5y6p
6778	_
6785	_
6786	_
6787	_
6794	_
6795	_
6796	_
6797	_
6798	_
6800	_
6801	P02794
6802	P02794
6806	_
6807	_
6808	_
6809	_
6814	_
6815	Q08649 P43572 P38806 P47128
6834	P09547 P22082 P18480 P53628 Q05123 Q12406 P32591 P18888 P38956 P43554 P35189
6835	_
6836	_
6837	_
6838	P62805
6840	5a1a
6841	_
6846	_
6855	5ywp
6860	_
6861	_
6863	_
6866	_
6867	_
6868	_
6869	_
6870	_
6871	_
6872	_
6873	_
6874	_
6887	_
6888	_
6898	P62805
6899	_
6900	_
6902	5gw4
6908	_
6909	_
6910	_
6912	_
6914	_
6916	_
6918	_
6919	_
6924	_
6926	_
6933	_
6935	A0A1I9LUN7
6936	_
6937	_
6938	_
6939	_
6942	_
6943	_
6945	_
6946	_
6947	_
6948	_
6949	_
6950	_
6951	_
6953	_
6954	_
6955	_
6956	_
6957	_
6958	_
6959	_
6960	_
6961	5zbo
6966	6rvv
6967	_
6977	_
6978	_
6989	_
6990	_
6992	_
6994	_
7000	_
7001	_
7003	_
7004	_
7005	_
7021	_
7029	_
7032	_
7033	_
7037	_
7038	_
7043	_
7044	_
7045	_
7056	_
7057	_
7060	_
7068	_
7069	_
7070	_
7072	_
7079	_
7080	_
7089	_
7102	_
7104	_
7105	_
7106	_
7107	_
7108	_
7110	_
7111	_
7131	_
7135	_
7137	_
7138	_
7139	_
7140	_
7141	_
7142	_
7143	_
7144	_
7145	_
7146	_
7147	_
7148	_
7149	_
7150	_
7151	_
7152	_
7153	_
7154	_
7155	_
7156	_
7157	_
7158	_
7159	_
7160	_
7161	_
7162	_
7163	_
7164	_
7165	_
7166	_
7167	_
7168	_
7169	_
7170	_
7171	_
7172	_
7173	_
7174	_
7175	_
7176	_
7177	_
7178	_
7179	_
7180	_
7181	_
7182	_
7183	_
7184	_
7185	_
7186	_
7187	_
7188	_
7189	_
7190	_
7191	_
7192	_
7193	_
7194	_
7195	_
7196	_
7197	_
7198	_
7199	_
7200	_
7201	_
7202	_
7203	_
7204	_
7205	_
7206	_
7207	_
7208	_
7209	_
7210	_
7211	_
7212	_
7213	_
7214	_
7215	_
7216	_
7217	_
7218	_
7219	_
7220	_
7221	_
7222	_
7223	_
7224	_
7225	_
7226	_
7227	_
7228	_
7229	_
7230	_
7231	_
7232	_
7233	_
7234	_
7235	_
7236	_
7237	_
7238	_
7239	_
7240	_
7241	_
7242	_
7243	_
7244	_
7245	_
7246	_
7247	_
7248	_
7249	_
7250	_
7251	_
7252	_
7253	_
7254	_
7255	_
7256	_
7257	_
7258	_
7259	_
7260	_
7261	_
7262	_
7263	_
7264	_
7265	_
7266	_
7267	_
7268	_
7269	_
7270	_
7271	_
7272	_
7273	_
7274	_
7275	_
7276	_
7277	_
7278	_
7279	_
7280	_
7281	_
7282	_
7283	_
7284	_
7285	_
7287	_
7292	_
7296	_
7304	_
7306	_
7307	_
7308	_
7309	_
7310	_
7311	_
7312	_
7313	_
7315	_
7316	_
7317	_
7318	_
7321	x
7337	_
7345	_
7346	_
7353	_
7354	_
7355	_
7356	_
7357	_
7358	_
7359	_
7360	_
7361	_
7362	_
7363	_
7364	_
7365	_
7366	_
7367	_
7368	_
7369	_
7370	_
7371	_
7372	_
7373	_
7374	_
7375	_
7376	_
7377	_
7378	_
7379	_
7380	_
7381	_
7382	_
7383	_
7384	_
7385	_
7386	_
7387	_
7388	_
7389	_
7390	_
7391	_
7392	_
7393	_
7394	_
7395	_
7396	_
7397	_
7398	_
7399	_
7400	_
7401	_
7402	_
7403	6c9i
7404	_
7405	_
7406	_
7407	_
7408	_
7409	_
7410	_
7411	_
7412	_
7413	_
7414	_
7415	_
7416	_
7417	_
7418	_
7419	_
7420	_
7421	_
7422	_
7423	_
7424	_
7425	_
7426	_
7427	_
7428	_
7429	_
7430	_
7431	_
7432	_
7433	_
7440	_
7443	6caj
7444	6caj
7446	_
7447	_
7448	_
7450	_
7451	_
7456	_
7458	_
7471	_
7473	6cgr
7474	_
7475	_
7477	_
7478	_
7479	_
7481	_
7485	_
7486	x
7487	x
7488	x
7489	x
7495	_
7496	_
7497	_
7498	_
7499	_
7500	_
7501	_
7502	_
7503	_
7504	_
7505	_
7506	_
7507	_
7508	_
7509	_
7510	_
7511	_
7512	_
7513	_
7515	_
7518	_
7519	_
7520	_
7521	_
7522	_
7523	_
7527	_
7528	_
7534	_
7540	_
7541	_
7550	_
7551	_
7552	_
7553	_
7554	_
7555	_
7556	_
7557	_
7559	_
7560	_
7561	_
7562	_
7565	_
7566	_
7570	_
7576	6crv
7580	6crv
7581	6crv
7584	6crv
7585	6crv
7586	6cs2
7587	_
7588	_
7590	_
7591	_
7594	_
7595	_
7596	_
7597	_
7601	6cs2
7602	6cs2
7603	6cs2
7604	6cs2
7605	6cs2
7606	6cs2
7607	6cs2
7608	6cs2
7611	_
7612	_
7613	_
7614	_
7615	_
7616	_
7617	_
7623	x
7624	x
7625	x
7626	_
7627	x
7628	x
7629	x
7630	x
7639	_
7640	_
7641	_
7642	_
7643	_
7644	_
7645	_
7646	_
7647	_
7648	_
7649	_
7650	_
7651	_
7652	_
7653	_
7654	_
7655	_
7656	_
7657	_
7658	_
7659	_
7660	_
7661	_
7662	_
7663	_
7664	_
7665	_
7666	_
7667	_
7668	_
7669	_
7670	_
7671	_
7672	_
7673	_
7674	_
7675	_
7676	_
7677	_
7678	_
7679	_
7680	_
7681	_
7682	_
7683	_
7684	_
7685	_
7686	_
7687	_
7688	_
7689	_
7690	_
7691	_
7692	_
7693	_
7694	_
7695	_
7696	_
7697	_
7698	_
7699	_
7700	_
7701	_
7702	_
7703	_
7704	_
7705	_
7706	_
7707	_
7708	_
7709	_
7710	_
7711	_
7712	_
7713	_
7714	_
7715	_
7716	_
7717	_
7718	_
7719	_
7720	_
7721	_
7722	_
7723	_
7724	_
7725	_
7726	_
7727	_
7728	_
7729	_
7730	_
7731	_
7732	_
7733	_
7734	_
7735	_
7736	_
7737	_
7738	_
7739	_
7740	_
7741	_
7742	_
7743	_
7744	_
7745	_
7746	_
7747	_
7748	_
7749	_
7750	_
7751	_
7752	_
7753	_
7754	_
7755	_
7756	_
7757	_
7758	_
7759	_
7760	_
7761	_
7762	_
7763	_
7764	_
7765	_
7766	_
7767	_
7768	_
7775	_
7776	_
7777	_
7778	_
7779	_
7788	_
7791	_
7792	_
7797	_
7798	_
7799	_
7800	_
7801	_
7802	_
7803	_
7804	_
7805	_
7806	_
7807	_
7810	_
7811	_
7812	_
7813	_
7814	_
7815	_
7818	_
7819	_
7820	6d6v
7822	_
7827	_
7829	_
7830	_
7832	_
7833	_
7839	_
7841	_
7854	_
7855	_
7856	_
7857	_
7859	_
7860	_
7861	_
7862	_
7863	_
7864	_
7865	_
7866	_
7871	_
7872	_
7873	_
7874	_
7877	_
7878	_
7879	_
7880	_
7881	_
7887	_
7888	_
7889	_
7890	_
7891	_
7892	_
7893	_
7894	_
7895	_
7897	_
7898	_
7899	_
7900	_
7901	_
7902	_
7903	_
7904	_
7906	_
7907	_
7908	_
7909	_
7910	_
7911	_
7912	_
7914	_
7915	_
7916	_
7917	_
7918	_
7919	_
7920	_
7921	_
7922	_
7923	_
7924	_
7925	_
7926	_
7927	_
7928	_
7929	_
7930	_
7931	_
7932	_
7933	_
7934	_
7941	_
7945	_
7946	_
7947	_
7948	_
7949	_
7950	_
7951	_
7953	_
7954	_
7955	_
7956	_
7969	_
7972	_
7976	_
7977	_
7979	_
7980	_
7982	_
7985	_
7989	_
7990	_
7992	_
7993	_
7995	_
7996	_
7998	_
8006	_
8007	_
8008	_
8009	_
8010	_
8042	_
8043	_
8044	_
8045	_
8046	_
8047	_
8048	_
8049	_
8050	_
8051	_
8052	_
8053	_
8054	_
8055	_
8056	_
8057	_
8062	_
8063	_
8065	_
8066	_
8067	_
8068	_
8071	_
8074	5j8v
8075	_
8078	_
8079	_
8080	_
8081	_
8082	_
8083	_
8086	_
8087	_
8088	_
8089	_
8092	_
8096	_
8108	_
8109	_
8110	_
8111	_
8112	_
8113	_
8114	_
8115	_
8120	_
8121	_
8122	_
8125	Q2N0S6 Q2N0S6
8126	_
8127	_
8140	_
8141	_
8142	_
8145	_
8146	_
8151	_
8152	_
8153	_
8154	_
8155	_
8156	_
8157	_
8158	_
8159	_
8160	_
8161	_
8168	Q2N0S6
8171	5j8v
8172	5j8v
8173	_
8174	_
8179	5jxl
8181	_
8182	_
8201	_
8202	_
8203	_
8204	_
8205	_
8206	_
8207	_
8208	_
8209	_
8210	_
8211	_
8212	_
8213	_
8214	_
8223	_
8224	_
8225	_
8226	_
8227	_
8228	_
8233	_
8234	_
8239	_
8247	_
8251	P08563
8252	_
8254	_
8255	_
8258	_
8259	_
8260	_
8261	_
8262	_
8263	_
8264	_
8265	_
8268	_
8269	_
8270	_
8271	_
8274	_
8275	_
8276	_
8283	_
8287	5kua
8288	_
8291	_
8292	_
8293	_
8294	_
8295	_
8296	_
8297	_
8299	_
8302	_
8304	_
8306	_
8307	_
8308	_
8309	_
8310	_
8311	_
8312	_
8313	5sv9
8316	P0A6F5 P21165
8317	P0A6F5 P21165
8318	P0A6F5 P21165
8319	P0A6F5 P21165
8324	_
8326	_
8327	_
8328	_
8329	_
8330	_
8338	_
8339	_
8340	_
8344	_
8346	_
8347	_
8348	_
8349	_
8350	_
8351	_
8352	_
8353	_
8355	5t4d
8356	5t4d
8360	_
8363	5tj5
8364	5tj5
8365	_
8366	_
8367	5tj5
8371	_
8396	_
8401	5tcq
8403	_
8404	_
8408	_
8411	_
8412	_
8413	_
8415	_
8416	_
8417	_
8418	_
8420	_
8421	_
8422	_
8423	_
8424	_
8425	_
8428	P02791
8434	_
8439	5ebz
8440	_
8441	_
8442	_
8443	_
8444	_
8445	_
8446	_
8447	_
8448	_
8449	_
8450	_
8451	_
8452	_
8453	_
8455	_
8456	_
8457	_
8459	_
8460	_
8463	_
8464	_
8465	5ttp
8466	_
8476	5u03
8483	5u1c
8484	_
8485	_
8486	_
8487	_
8488	_
8489	_
8490	P0A7E5
8491	P0A7E5
8492	x
8493	x
8494	x
8495	x
8496	x
8497	x
8498	x
8499	x
8500	x
8501	x
8502	x
8503	x
8507	O12164
8510	x
8520	5u8s
8523	5ujm
8524	P68187 P02916 P68183
8525	P68187 P02916 P68183
8526	P68187 P02916 P68183
8527	P68187 P02916 P68183
8529	P68187 P02916 P68183
8530	P68187 P02916 P68183
8531	P68187 P02916 P68183
8532	5ubq
8533	P68187 P02916 P68183
8534	P68187 P02916 P68183
8535	P68187 P02916 P68183
8536	P68187 P02916 P68183
8537	_
8538	_
8542	x
8543	5tvz
8544	x
8545	x
8546	_
8547	_
8550	5uie
8551	5uie
8552	5uie
8553	5uie
8554	5uie
8555	5uie
8556	5uie
8557	5uie
8558	Q02ML7 Q02ML8
8565	P00581 P03692
8566	x
8567	x
8568	x
8569	x
8570	5uie
8571	5uie
8572	5uie
8573	_
8574	x
8575	P45049
8578	B2VLU9
8580	5up2
8583	5up2
8587	P52917
8588	P52917
8589	x
8590	4v8m
8591	x
8592	x
8593	x
8594	x
8599	x
8600	x
8603	x
8607	6cgr
8609	5msh
8610	P43671
8611	P76272
8612	5uvn
8613	4ddf
8614	4ddf
8626	5uz4
8627	5uz4
8628	5uz4
8629	Q2N0S6
8630	X5HMX4
8631	Q2N0S6
8638	5v7v
8639	5v7v
8646	A0A045H4H6 A0A045GRS4 A0A045JKV0 A0A045JVY9 A0A045JMN7 A0A045IWX2 A0A045I839 A0A045HTN2 A0A045I821 M9TET4 A0A045GT82 A0A045HUG3 A0A045JF49 A0A045JER3 A0A0E9AP91 A0A045JW21 A0A045IXT2 A0A045GXQ2
8647	5v93
8648	5v93
8649	5v7q
8654	x
8655	x
8656	x
8657	x
8660	Q6D0X0
8669	5tv4
8670	5tv4
8671	5tv4
8689	_
8690	x
8691	x
8692	x
8694	x
8696	Q03940 Q12464
8698	x
8699	x_
8700	x
8701	x
8704	P20273
8705	P20273
8707	Q9UBS4
8710	P03615
8714	5vn8
8715	5vn8
8716	5vn8
8718	A0A167WK27
8719	A0A167WK27
8727	x
8729	5vn8
8730	5vn8
8731	H9XC94
8733	x
8736	5vvs
8747	5v74
8748	x
8752	5w1r
8753	x
8758	_
8759	_
8760	x
8766	x
8768	C4LQ47
8769	C4LQ47
8770	C4LQ47
8772	P40992 Q04712 P32786
8773	P10964 P22138 P50106 P46669 P32529 Q01080 P47006 P07703 P28000 P20434 P20435 P20436 P22139 P40422
8777	5w66
8779	5w68
8792	5w9h
8793	5w9h
8797	5wc3
8798	5wc3
8799	_
8800	5wc3
8801	_
8802	_
8803	_
8804	_
8805	_
8806	_
8807	x
8808	x
8809	x
8810	x
8811	x
8816	5of4
8817	5of4
8818	4llf
8824	4llf
8825	4llf
8830	Q86X55
8831	Q86X55
8832	Q86X55
8833	P38398 Q99728
8834	P38398 Q99728
8835	_
8836	_
8837	_
8838	_
8839	_
8842	6crj
8843	x
8844	x
8845	x
8846	x
8862	x
8863	Q10432 O14246 O13852
8864	Q10432 O14246 O13852
8865	Q10432 O14246 O13852
8866	Q10432 O14246 O13852
8867	5wk1
8868	_
8869	x
8884	_
8885	x
8888	6ap1
8889	6ap1
8890	6ap1
8891	6ap1
8892	6ap1
8893	6ap1
8894	6ap1
8895	6ap1
8896	6ap1
8897	_
8899	Q2TAZ0 Q9Y484
8900	Q2TAZ0
8916	_
8917	_
8918	_
8925	_
8926	_
8927	_
8944	_
8950	Q2N0S6
8965	_
8966	_
8976	_
8982	_
8983	_
8984	_
8985	_
8986	_
8987	_
8988	_
8989	_
8990	_
8991	_
8992	_
8993	_
8999	_
9003	_
9006	_
9007	_
9008	_
9009	_
9010	_
9011	_
9015	_
9016	_
9017	_
9018	_
9019	_
9020	_
9021	_
9022	_
9023	_
9027	6dju
9029	_
9030	_
9034	6or5
9035	6or6
9040	_
9048	_
9049	_
9053	_
9054	_
9056	_
9057	_
9058	_
9059	_
9060	_
9061	_
9069	_
9070	_
9071	_
9072	_
9073	_
9074	_
9075	_
9076	_
9077	_
9078	_
9079	_
9080	_
9081	_
9082	_
9083	_
9084	_
9085	_
9086	_
9087	_
9088	_
9089	_
9090	_
9091	_
9092	_
9093	_
9094	_
9095	_
9096	_
9097	_
9098	_
9099	_
9107	_
9122	_
9123	_
9127	_
9128	_
9129	_
9130	_
9136	_
9138	_
9142	_
9143	_
9144	_
9145	_
9167	_
9168	_
9169	_
9170	_
9171	_
9172	_
9173	_
9174	_
9175	_
9176	_
9177	_
9178	_
9179	_
9180	_
9181	_
9182	_
9183	_
9184	_
9185	_
9186	_
9190	_
9193	_
9194	_
9197	_
9198	_
9199	_
9200	_
9201	_
9202	_
9203	_
9206	_
9207	_
9208	_
9209	_
9210	_
9211	_
9215	_
9223	_
9224	_
9225	_
9226	_
9227	_
9228	_
9229	_
9233	_
9234	_
9235	_
9236	_
9238	_
9241	_
9245	_
9246	_
9247	_
9248	_
9252	6mup
9260	_
9261	_
9262	_
9263	_
9266	_
9267	_
9268	_
9269	_
9270	_
9271	_
9282	_
9283	_
9284	_
9285	_
9286	_
9287	_
9288	_
9289	_
9290	_
9291	_
9295	6myy
9296	6mzx
9299	_
9300	_
9301	_
9304	6mzj
9328	_
9329	_
9330	_
9331	_
9336	_
9337	_
9338	_
9340	_
9342	_
9343	_
9344	_
9345	_
9346	_
9347	_
9348	_
9351	_
9352	_
9353	_
9354	_
9355	_
9360	_
9361	_
9363	_
9367	_
9368	_
9369	_
9377	6ni2 6ni3
9378	_
9381	_
9385	_
9386	_
9392	6e3c
9399	_
9401	x
9402	_
9507	x
9508	5gjr
9509	5gjq
9510	5gjq
9514	5gjw
9522	_
9523	_
9526	5gmk
9527	5gmk
9528	5go9
9529	5go9
9530	4www
9531	4www
9532	4www
9533	4www
9536	5j9w
9543	Q9UHC6
9544	Q9UHC6
9545	Q9UHC6
9546	Q9UHC6
9547	Q9UHC6
9548	Q9UHC6
9549	Q9UHC6
9550	Q9UHC6
9551	Q9UHC6
9552	Q9UHC6
9553	Q9UHC6
9554	Q9UHC6
9555	Q9UHC6
9556	Q9UHC6
9557	Q9UHC6
9558	Q9UHC6
9559	Q9UHC6
9560	Q9UHC6
9561	Q9UHC6
9562	Q9UHC6
9563	Q9UHC6
9568	Q06609
9583	_
9584	_
9585	_
9586	_
9587	_
9595	_
9596	_
9597	_
9598	_
9599	_
9606	_
9612	_
9613	_
9614	_
9618	_
9619	_
9620	_
9628	_
9635	_
9636	_
9637	_
9638	_
9639	_
9640	_
9641	_
9652	6akt
9655	_
9661	_
9662	_
9663	6ig9
9665	_
9666	_
9667	_
9669	_
9676	_
9677	6ijz
9679	_
9681	_
9686	_
9688	_
9689	_
9690	_
9692	_
9694	_
9699	6ip5
9700	_
9704	6ip8
9709	_
9710	_
9711	_
9712	_
9723	_
9724	_
9725	_
9726	_
9727	_
9728	_
9729	_
9732	6itb
9733	_
9735	_
9736	_
9737	_
9738	_
9739	_
9740	_
9755	_
9756	_
9762	_
9766	_
9767	_
9768	_
9784	_
9789	6jb3
9790	_
9802	_
9823	_
9842	6k71
9855	_
9856	_
9857	_
9858	_
9859	_
9861	6odm
9863	6od7
9864	_
9865	_
9877	_
9886	6jt0
9890	_
9894	_
9897	6ki1
9901	_
9902	_
9903	_
9904	_
9914	_
9920	_
9921	_
9923	_
9924	_
9925	_
9926	_
9927	_
9933	_
9936	_
9938	_
9940	_
9951	_
9953	_
9969	_
9977	_
9978	_
9979	_
9980	_
9981	_
9982	_
9983	_
9984	_
9985	_
9986	_
9987	_
9988	_
10003	_
10004	_
10005	_
10008	_
10009	_
10012	_
10017	6rvy
10019	x
10020	6rqt
10023	_
10024	_
10025	_
10026	_
10027	_
10028	_
10029	_
10030	_
10031	_
10032	_
10037	_
10039	_
10057	_
10066	_
10067	_
10070	_
10072	_
10074	A0A037YQ84
10075	_
10113	_
10114	6s85
10115	6s85
10127	_
10128	_
10131	_
10136	_
10137	_
10138	_
10139	_
10140	_
10156	6se6
10157	6se0
10158	6se0
10159	6se0
10160	x
10161	_
10176	6sgb
10178	_
10179	_
10189	_
10190	_
10195	_
10198	_
10207	_
10211	_
10237	_
10238	_
10244	Q46113 Q46114
10259	_
10260	_
10264	_
10265	_
10277	_
10286	_
10287	_
10288	_
10289	_
10291	_
10292	_
10293	_
10299	_
10300	_
10301	_
10302	_
10303	_
10304	_
10306	_
10308	_
10309	_
10310	_
10311	_
10314	6sup
10317	_
10319	_
10325	_
10326	_
10327	_
10328	_
10329	_
10330	_
10331	_
10332	_
10334	_
10335	_
10336	_
10339	_
10341	_
10342	_
10343	_
10345	_
10346	_
10348	_
10374	6t34
10375	_
10376	_
10378	_
10379	_
10382	_
10385	_
10386	_
10403	_
10404	_
10405	_
10409	_
10410	_
10411	_
10416	6t9i
10417	P0A6F5
10432	_
10433	_
10434	_
10435	_
10436	_
10437	_
10439	_
10440	_
10441	_
10444	_
10445	_
10447	_
10448	_
10449	_
10450	_
10451	_
10454	_
10455	_
10456	_
10457	_
10459	_
10460	_
10466	_
10467	_
10468	_
10469	_
10470	_
10471	_
10472	_
10473	_
10474	_
10475	_
10481	_
10482	_
10483	_
10484	_
10485	_
10486	_
10487	_
10488	_
10489	_
10494	_
10505	6thd
10507	_
10508	_
10509	_
10510	_
10511	_
10533	P02791
10538	6tnt
10545	6tqn
10547	6tqo
10552	_
10556	_
10561	_
10568	6tb9
10569	6tb9
10570	6tsv
10571	6teh
10572	6teh
10578	_
10579	_
10580	_
10581	_
10582	_
10583	_
10596	_
10597	_
10598	_
10599	_
10600	_
10608	_
10609	_
10620	P49736 P25205 P33991 P33992 Q14566 P33993
10626	_
10627	_
10628	_
10629	_
10630	_
10637	_
10638	_
10639	_
10640	_
10641	_
10642	_
10643	_
10644	_
10645	_
10646	_
10653	_
10660	_
10661	_
10663	_
10670	_
10671	_
10675	P09528
10677	_
10678	_
10679	_
10680	_
10681	_
10682	_
10683	_
10684	_
10685	_
10686	_
10687	_
10702	_
10707	_
10708	_
10710	_
10712	P02791
10714	P02791
10715	_
10716	_
10717	_
10718	_
10719	_
10720	_
10723	_
10724	_
10725	_
10726	_
10727	_
10728	_
10729	_
10730	_
10736	_
10737	_
10743	_
10744	_
10745	_
10749	6yaf
10750	6yaf
10752	6yai
10753	6yai
10755	_
10756	_
10757	_
10758	_
10759	_
10763	6yal
10764	6yam
10765	_
10766	_
10767	_
10780	_
10781	_
10782	_
10783	_
10794	_
10795	_
10796	_
10801	_
10802	_
10804	_
10806	_
10807	_
10808	_
10823	_
10824	_
10825	_
10826	_
10827	_
10831	A0A2W5DK06 A0A2W5DG95
10832	A0A0P7EZN4 A0A0G9LVR8
10833	_
10834	6r7m
10840	P11716
10843	_
10844	_
10866	_
10867	_
10868	_
10870	_
10871	_
10872	_
10873	_
10874	_
10875	_
10876	_
10877	_
10878	_
10879	_
10880	_
10881	_
10882	_
10883	P10809
10884	P10809
10885	P10809
10886	P10809
10887	_
10894	_
10896	_
10897	Q48Q21 Q48Q22
10900	_
10901	A0A1D8SCS3 D2YAT3
10902	C3SUN2 C3SUN7
10904	_
10913	_
10916	_
10918	_
10922	_
10923	_
10926	_
10927	_
10928	_
10929	_
10931	_
10932	_
10934	_
10935	_
10937	_
10938	_
10939	_
10941	_
10942	_
10943	_
10945	_
10947	_
10948	_
10949	_
10950	_
10953	_
10954	_
10955	_
10956	_
10957	_
10961	_
10962	_
10963	_
10964	_
10966	_
10967	_
10968	_
10969	_
10970	_
10971	_
10972	_
10974	_
10975	_
10976	_
10979	_
10980	_
10981	_
10982	_
10983	_
10984	_
10986	_
10987	_
10988	_
10989	_
10990	_
10991	_
10992	_
10993	_
11002	_
11005	_
11006	_
11008	_
11009	_
11010	_
11011	_
11012	_
11013	_
11014	_
11016	_
11017	_
11018	_
11019	_
11020	_
11021	_
11025	_
11033	_
11034	_
11035	_
11036	_
11037	_
11038	_
11049	_
11053	6z1v
11054	Q9BYM8 Q9H0F6
11056	6z3a
11057	_
11059	_
11060	_
11065	_
11071	E1BHV1 P68107
11072	E1BHV1 P68107
11073	_
11074	_
11075	_
11076	_
11077	6z5j
11083	6z5u
11084	6z5u
11085	_
11086	_
11095	_
11107	_
11109	_
11110	_
11111	_
11124	_
11125	_
11126	_
11128	_
11129	_
11130	_
11131	_
11132	_
11133	_
11134	_
11135	_
11136	_
11137	_
11138	_
11139	_
11140	_
11141	_
11142	_
11143	_
11146	_
11147	_
11148	_
11159	_
11161	_
11167	_
11168	_
11169	_
11170	_
11171	_
11178	_
11189	7azp
11200	_
11201	_
11224	_
11239	2bg9
11240	_
11266	_
11267	_
11269	_
11271	_
11294	_
11295	_
11296	_
11297	_
11298	_
11303	_
11304	6zlg
11306	_
11314	_
11315	_
11316	_
11323	_
11341	P0DTC2
11343	_
11344	_
11345	_
11346	_
11348	_
11349	_
11350	_
11351	_
11352	_
11353	_
11354	_
11355	_
11356	6yg8
11365	6zlg
11367	_
11373	P78847 Q9P7M8 O43044 O36030 Q10099 O94319
11374	P78847 Q9P7M8 O43044 O36030 Q10099 O94319
11375	P78847 Q9P7M8 O43044 O36030 Q10099 O94319
11378	_
11379	_
11381	_
11384	_
11385	_
11386	_
11387	_
11398	_
11400	_
11437	_
11471	_
11489	_
11490	_
11491	_
11493	P0DTC2
11494	P0DTC2
11495	P0DTC2
11496	P0DTC2
11498	P0DTC2
11513	7a24
11514	_
11515	_
11525	_
11552	6zy7
11556	_
11558	_
11559	_
11561	_
11571	_
11572	_
11573	_
11574	_
11575	6z1d
11592	7a02
11595	_
11596	_
11597	_
11598	_
11599	_
11600	6zzn
11607	P53192 Q12154 P40056
11609	_
11610	6qfa
11612	7a1d
11613	7a1d
11618	_
11619	_
11620	_
11621	_
11622	_
11623	_
11626	_
11627	_
11628	_
11636	7a5f
11637	7a5i
11658	_
11660	_
11661	_
11662	_
11663	_
11664	_
11665	_
11715	7b2l
11726	_
11728	_
11785	7ahc
11788	x
11797	6z6p
11832	_
11833	_
11836	6yb3
11860	Q1PZD8 Q1PZD5 Q1PZD4
11861	Q1PZD8 Q1PZD5 Q1PZD4
11863	_
11866	_
11867	_
11868	_
11881	_
11899	7ash
11931	_
11996	Q7X9F3
12066	7b70
12155	7bc3
12167	7bc3
12168	7bc3
12175	7bg9 7bgb
12176	7bg9 7bgb
12236	6yl3
12237	7bl1
12263	7bnq
12287	7ash
12305	7nfx
12340	7nhr
12343	7ni5
12345	7ni5
12346	7ni5
12347	7ni5
12452	6smu
12454	6smu
12455	6smu
12456	6smu
12457	6smu
12458	6smu
12459	6smu
12460	6smu
12519	7nps
12523	7nps
12525	7nps
12543	A0A077D153
12582	7nt5
12583	7nt5
12598	7nul
12620	7nvs
12621	7nvs
12622	7nvs
12623	7nvs
12624	7nvv
12625	7nvv
12626	7nvv
12627	7nvs
12628	7nvs
12629	7nvs
12630	7nvy
12674	7b9s
12675	6zgd
12677	6zgd
12678	6zgd
12699	4x23
12733	7abk
12760	7o7y
12762	P68135
12767	7o9k
12768	7o9k
12769	7o9m
12770	7o9m
12800	7obq 7obr
12817	G0SB80
12823	7oen
12854	7oi0
12855	7oi0
12903	P69687
12957	7ole
12961	P0ABT2
12966	7oky
12967	7oky
12968	7oky
12970	7oky
12971	7oky
12972	7oky
12978	5ni1
12980	7om8
12981	7om8
12983	7om8
12998	7oni
12999	7oni
13000	7oni
13001	7oni
13030	7oqe
13031	7oqc
13032	7oqb
13070	7otq
13081	P78847 Q9P7M8 O43044 O36030 Q10099 O94319
13105	P0DTC2
13106	P0DTC2
13107	P0DTC2
13151	P35734 P53267 Q03954 P36162 Q12248 P69850 P69851 P69852 P40013
13152	P35734 P53267 Q03954 P36162 Q12248 P69850 P69851 P69852 P40013
13173	7p34
13212	7p5v
13270	4u25
13291	7nyr
13309	P25156 P28061
13390	C9DXR6
20002	_
20003	_
20006	_
20007	_
20008	_
20012	_
20013	_
20014	_
20016	_
20022	6odi 6oee 6oef 6oeg 6oeh
20023	6odi 6oee 6oef 6oeg 6oeh
20025	_
20026	_
20027	_
20028	_
20029	_
20038	_
20039	_
20054	_
20061	_
20062	_
20063	_
20064	_
20065	_
20066	_
20067	_
20068	_
20073	6mux
20084	_
20085	_
20093	_
20094	_
20095	_
20096	_
20097	_
20098	_
20101	_
20106	_
20107	_
20108	_
20109	_
20110	_
20111	_
20112	_
20118	_
20123	_
20127	_
20128	_
20129	_
20130	_
20131	_
20134	_
20135	_
20136	_
20137	_
20138	_
20139	_
20140	_
20141	_
20144	_
20147	_
20155	P02791
20156	P02791
20157	P02791
20158	_
20159	_
20160	_
20161	_
20162	_
20163	_
20164	_
20165	_
20166	_
20182	6nm9
20197	6ou9
20199	6out
20201	6otf
20209	_
20210	_
20211	_
20213	_
20214	_
20218	_
20219	_
20225	_
20227	_
20228	_
20229	_
20231	6n57
20232	6oul
20242	_
20243	_
20253	6p4l
20263	_
20268	_
20269	_
20273	_
20274	_
20279	_
20280	_
20293	_
20311	6q14
20313	6q15
20314	6q15
20324	_
20325	_
20326	_
20332	6peq
20335	_
20336	_
20337	_
20338	_
20339	_
20340	_
20341	_
20342	_
20343	_
20344	_
20345	_
20346	_
20347	_
20348	_
20349	_
20350	_
20351	_
20387	_
20390	_
20391	_
20392	_
20393	_
20399	_
20400	_
20401	_
20402	_
20403	_
20404	_
20405	_
20409	_
20410	_
20411	_
20415	_
20416	_
20417	_
20423	_
20424	_
20425	_
20426	_
20427	_
20428	_
20429	_
20430	_
20431	_
20438	_
20439	_
20444	_
20445	_
20474	_
20477	_
20489	_
20490	_
20503	_
20525	_
20529	_
20531	_
20532	_
20547	_
20548	_
20549	_
20553	6q0r
20554	_
20558	_
20559	_
20560	_
20561	_
20562	_
20563	_
20564	_
20565	_
20566	_
20567	_
20568	_
20569	_
20570	_
20571	_
20573	6q2j
20574	_
20577	6q2o
20580	6q2s
20592	_
20593	_
20595	_
20596	_
20597	_
20598	_
20599	_
20600	_
20601	_
20603	_
20604	_
20606	_
20611	_
20613	_
20617	_
20618	_
20619	_
20622	_
20624	_
20625	_
20632	_
20633	_
20634	_
20635	_
20636	_
20637	_
20640	_
20661	_
20667	_
20671	6u7k
20674	_
20675	_
20676	_
20679	_
20680	_
20681	_
20683	_
20684	_
20685	_
20697	_
20699	_
20709	_
20712	_
20713	_
20716	_
20717	6peq
20718	_
20720	_
20722	_
20723	_
20730	_
20732	6peq
20736	_
20737	_
20738	_
20744	x
20745	_
20746	_
20747	_
20748	_
20755	_
20756	_
20757	_
20758	_
20760	_
20772	_
20773	_
20774	_
20775	_
20776	_
20777	_
20778	_
20779	_
20780	_
20781	6srm
20785	_
20786	_
20787	_
20797	_
20798	_
20799	_
20800	_
20801	_
20802	_
20805	6pen
20821	_
20826	_
20827	_
20828	_
20829	_
20830	_
20831	_
20837	P02791
20838	_
20850	_
20853	_
20854	_
20856	6ve7
20859	_
20869	_
20870	_
20882	_
20884	_
20885	_
20886	_
20887	_
20888	_
20889	_
20890	_
20891	_
20892	_
20893	_
20894	_
20895	_
20896	_
20897	_
20898	_
20899	_
20905	_
20907	P22629
20908	_
20909	_
20910	_
20911	_
20912	_
20913	_
20921	_
20935	_
20936	_
20937	_
20938	_
20939	_
20940	_
20941	_
20942	_
20943	_
20944	_
20946	_
20948	_
20960	_
20961	_
20970	_
20971	_
20972	_
20973	_
20974	_
20975	_
20976	_
20977	_
20978	_
20979	_
20980	_
20981	_
20982	_
20983	_
20984	_
20985	_
20987	_
20988	_
20989	_
20990	_
20991	_
20992	_
21001	_
21002	_
21005	_
21006	_
21007	_
21008	_
21013	_
21014	_
21021	_
21022	_
21026	_
21027	_
21039	_
21045	x
21046	6v4x
21047	6v4x
21049	_
21053	_
21055	_
21056	_
21057	_
21058	_
21059	_
21061	_
21062	_
21063	_
21064	_
21065	_
21066	_
21069	_
21070	_
21074	_
21075	_
21076	_
21077	_
21078	_
21079	_
21080	_
21081	_
21082	_
21083	_
21084	_
21085	_
21086	_
21087	_
21088	_
21089	_
21090	_
21091	_
21092	_
21093	_
21097	_
21098	_
21099	_
21100	_
21101	_
21102	_
21103	_
21104	_
21105	_
21106	_
21110	_
21113	_
21116	_
21117	_
21118	_
21119	_
21122	_
21123	_
21124	_
21125	_
21126	_
21131	_
21133	_
21146	_
21161	6vfe
21162	_
21163	_
21164	_
21165	_
21166	_
21167	_
21168	_
21169	_
21170	_
21171	_
21172	_
21173	_
21174	_
21175	_
21176	_
21177	_
21178	_
21179	_
21180	_
21181	_
21182	_
21183	_
21184	_
21185	_
21186	_
21188	_
21189	_
21190	_
21191	_
21192	_
21193	_
21195	_
21196	_
21202	_
21203	_
21204	5viy
21211	6xhi
21213	_
21214	_
21215	_
21216	_
21217	_
21218	_
21230	_
21231	_
21244	_
21245	_
21258	_
21261	_
21272	_
21273	_
21274	_
21275	_
21276	_
21277	_
21278	_
21279	_
21280	_
21281	_
21282	_
21283	_
21284	_
21285	_
21286	_
21287	_
21288	_
21289	_
21290	_
21291	_
21292	_
21293	_
21294	_
21295	_
21296	_
21297	_
21298	_
21299	_
21300	_
21306	_
21309	_
21310	_
21311	_
21312	_
21313	_
21321	_
21322	_
21323	_
21324	_
21325	Q8TDY2
21326	_
21327	_
21328	_
21329	_
21330	_
21331	_
21332	_
21333	_
21334	_
21336	_
21337	_
21338	_
21339	_
21340	_
21341	_
21342	_
21343	_
21344	_
21361	_
21362	_
21374	P0DTC2
21384	_
21385	_
21389	_
21392	_
21393	_
21394	_
21395	_
21396	_
21397	_
21398	_
21399	_
21400	_
21401	_
21402	_
21403	_
21404	_
21411	_
21412	_
21413	_
21414	_
21424	6vws
21426	_
21427	_
21439	_
21441	_
21443	_
21467	_
21478	_
21479	_
21480	_
21488	_
21490	_
21491	_
21492	_
21498	_
21499	_
21500	_
21505	_
21506	_
21507	_
21508	_
21510	_
21515	_
21527	_
21531	_
21537	_
21538	_
21541	_
21551	_
21552	_
21561	_
21563	_
21565	_
21566	_
21570	6w77
21608	_
21609	_
21610	_
21612	_
21613	_
21614	_
21615	_
21616	_
21654	_
21655	_
21659	_
21660	_
21667	_
21668	_
21670	_
21689	6pa7
21697	_
21698	_
21699	_
21700	_
21702	_
21703	_
21704	_
21706	_
21710	_
21714	_
21715	_
21717	_
21719	_
21722	_
21723	_
21726	_
21729	_
21730	_
21731	_
21733	_
21734	_
21737	_
21739	_
21741	_
21745	_
21746	_
21750	_
21751	_
21752	_
21754	_
21757	_
21758	_
21759	_
21760	_
21761	_
21762	_
21763	_
21765	_
21768	_
21775	_
21776	_
21777	_
21778	_
21779	_
21780	_
21781	_
21782	_
21783	_
21784	_
21785	_
21786	_
21787	_
21788	_
21789	_
21790	_
21791	_
21792	_
21793	_
21794	_
21795	_
21796	_
21797	_
21798	_
21799	_
21800	_
21801	_
21802	_
21803	_
21804	_
21806	_
21808	_
21809	_
21819	_
21831	_
21832	_
21833	_
21834	_
21835	_
21836	_
21837	_
21838	_
21839	_
21840	_
21841	_
21842	_
21867	_
21869	_
21877	_
21878	_
21884	_
21885	_
21886	_
21895	_
21899	Q9H2E6
21911	_
21912	_
21919	_
21952	_
21953	_
21965	P0DTC2
21974	P0DTC2
21975	P0DTC2
21976	P0DTC2
21977	P0DTC2
21981	_
21982	_
21986	_
21987	_
21988	_
21989	_
21990	_
21991	_
21998	_
22002	_
22003	_
22004	_
22005	_
22025	P00722
22026	1pma
22027	6v20
22028	5irx
22029	3j79
22030	P22629
22050	P31224
22051	_
22052	_
22053	_
22056	_
22057	_
22058	_
22059	_
22060	_
22061	P0DTC2
22062	P0DTC2
22063	P0DTC2
22064	P0DTC2
22065	P0DTC2
22066	P0DTC2
22069	_
22079	_
22080	_
22086	6xa1
22091	_
22092	_
22093	_
22099	P49861 6z6d 6z6e
22100	P49861 6z6d 6z6e
22101	P49861
22113	Q868N5
22124	P0DTC2
22125	P0DTC2
22126	P0DTC2
22129	_
22132	_
22133	_
22134	_
22135	_
22138	P0DTC3
22139	P0DTC3
22147	P0DTC2
22148	P0DTC2
22149	P0DTC2
22158	P0DTC2
22159	P0DTC2
22167	6xf9
22175	_
22176	_
22177	_
22190	_
22194	_
22197	_
22201	P48549 P48544
22202	P48549 P48544
22207	_
22208	_
22209	_
22212	_
22213	_
22214	_
22217	_
22218	_
22222	_
22250	6psk
22270	_
22271	_
22275	P0DTC2
22289	6xh7
22296	_
22297	_
22317	_
22318	_
22319	_
22322	_
22331	_
22332	_
22333	_
22334	_
22339	_
22342	7ji3
22346	_
22347	_
22348	_
22349	_
22350	_
22351	_
22353	P0DTC2
22355	P0DTC2
22356	P0DTC2
22365	_
22366	_
22372	_
22373	_
22374	_
22385	_
22387	_
22388	_
22413	_
22431	7jq9
22434	_
22435	_
22436	_
22437	_
22438	_
22439	_
22440	_
22442	_
22449	7jrp
22450	7jrg
22465	_
22467	_
22468	_
22470	_
22471	_
22476	_
22477	_
22478	_
22479	_
22495	F8VA14
22507	_
22508	_
22516	_
22517	_
22527	_
22535	P0DTC2
22573	_
22575	_
22577	_
22578	_
22579	_
22580	_
22590	_
22592	_
22593	_
22594	_
22595	_
22603	_
22607	_
22609	_
22614	_
22627	_
22628	_
22632	_
22634	_
22635	_
22636	_
22637	_
22645	_
22646	_
22688	_
22690	6w7m
22705	I6XI06
22706	I6XI06
22738	_
22739	_
22740	_
22741	_
22789	P29033
22793	7kbd
22795	7kbd
22797	7kbd
22798	7kbd
22800	7kbd
22801	7kbd
22809	_
22827	_
22852	7kew
22858	_
22859	_
22860	_
22861	_
22862	_
22863	_
22864	_
22908	_
22909	_
22911	_
22913	_
22914	_
22915	_
22920	_
22921	_
22923	_
22929	_
22930	_
22933	_
22934	_
22936	_
22942	_
22944	_
22945	_
22946	_
22947	_
22948	_
22951	_
22952	_
22953	_
22955	_
22956	_
22957	_
22958	_
22967	_
22968	_
22969	_
22970	_
22971	_
22974	7jkq
22984	_
22985	_
22986	_
22994	7kqb
22999	O55774
23022	7kso
23039	7ks9
23062	7kx7
23091	Q60841
23103	7ktp
23111	P0DTC2
23114	7l08
23152	7l6o
23161	7l2h
23291	6xl5
23299	P49916 Q9NUW8
23301	P49916 Q9NUW8
23320	P36776
23326	7lgj
23330	7l30
23355	Q9KQL9
23356	Q9KQL9
23373	Q2N0S6
23376	7liv
23377	7liv
23414	6hu9
23416	6hu9
23418	6hu9
23420	6hu9
23421	6hu9
23438	7lma
23440	P0A221 Q06081 P0A1K9
23477	7lp9
23625	7lze
23639	7m2w
23672	7m5e
23765	7md2
23787	7mdz
23802	7n9t
23819	7kbd
23820	7kbd
23821	7kbd
23822	7kbd
23823	7kbd
23824	7kbd
23826	7kbd
23870	7miz
23871	P10636
23931	7jq9
23997	Q9Y2L5 Q7Z392 Q8WVT3 A5PLN9
24092	5nrl
24093	5nrl
24094	5nrl
24096	5nrl
24118	P0DTC2
24119	P0DTC2
24138	7l1q
24139	7l1q
24140	7l1q
24194	P0DTC2
24196	P0DTC2
24197	P0DTC2
24198	P0DTC2
24243	7n65
24244	7n65
24245	7n65
24246	7n65
24247	7n65
24279	P0DTC2
24293	P0DTC2
24300	P0DTC2
24301	P0DTC2
24306	7l5w
24335	P0DTC2
24336	P0DTC2
24339	P0DTC2
24340	P0DTC2
24341	P0DTC2
24404	P22303
24533	P0DTC2
24619	7n65
24620	7n65
24621	7n65
24622	7n65
24623	7n65
30000	6lw0
30001	6lw1
30003	P63092 P62873 P59768 P34998
30013	_
30023	_
30024	_
30025	_
30042	_
30043	_
30044	_
30045	_
30046	_
30050	_
30051	_
30059	_
30060	_
30062	_
30063	_
30070	_
30095	Q8VNN2
30096	Q9CPX4
30097	Q9CPX4
30098	Q9CPX4
30099	Q9CPX4
30100	Q9CPX4
30101	Q9CPX4
30103	Q9CPX4
30105	Q9CPX4
30106	Q9CPX4
30107	Q9CPX4
30109	_
30110	_
30111	_
30112	_
30113	_
30126	_
30146	7bsi
30152	7bsi
30156	7bqt 7bsi
30172	7btb
30173	7btb
30175	7bt6
30176	7bt6
30184	7bto
30185	7bst
30186	7bto
30187	7btq
30188	7btq
30199	G1T469
30200	P02791
30202	P02791
30203	P02791
30204	P02791
30205	P02791
30206	Q8VNN2
30207	Q8VNN2
30208	Q8VNN2
30211	_
30212	_
30213	_
30214	_
30225	P06213
30227	P06213
30242	_
30243	_
30248	_
30250	_
30251	_
30264	Q77IS8
30265	Q77IS8
30266	Q77IS8
30277	_
30281	Q9DQA5
30283	_
30284	_
30286	_
30288	_
30289	_
30352	7cg3
30353	7cg3
30356	7cge
30357	7cge
30360	7d84
30361	7d84
30362	_
30363	7d84
30380	_
30381	7cn9
30386	_
30404	S5RZC2
30405	P10537
30409	7clr
30415	_
30422	7cp9
30426	P0DTC2
30427	P0DTC2
30428	_
30429	P0DTC9
30430	P0DTC9 P0DTC2
30440	6lta
30451	7crc
30454	_
30459	7crw
30461	_
30467	7cte
30506	P0DTC2
30539	7d0k
30540	7d0f
30541	7d0f
30545	7d0i
30634	P04391 P0CG48 P09936
30646	7dd5
30667	7df8
30881	7dwb
30929	7cch
30930	7cch
30940	7d84
30941	7d84
30942	7d84
30965	7dwy
30966	7dwy
30967	7dwx
30968	7dwx
30969	7dwy
30970	7dwx
30976	P0DTC2
30980	P0DTC2
30981	P0DTC2
31025	7dwb
31041	Q9BYW2 6v2k
31042	P46995 3lja
31290	7et3
31291	7et3
31292	7et3
31293	7et3
31295	7et2
31300	7et3
31302	7d5i
31328	P0DTC2
31368	Q9DQA5
31369	Q9DQA5
31370	Q9DQA5
31372	7ey0
31375	7ey0
31376	7ey0
31379	7ey0
31390	7ey0
31451	7f4g
31473	P0DTC2
15574331	1w9c
15696168	1yjd
16843901	2h50
16973604	2cf4
17420467	2nsu
17431175	4v58
18272179	2rko
18832644	2vy9
19074350	3err
19965480	2wj8
20019667	3ipm
22308031	4adv
22405010	4ady
22491457	3zue
22500803	4abo
22514336	4an5
23530263	4i88
23940315	x
24027306	4mgu
24027321	4m4y
24068931	Q2N0S6
24179160	3j5m
24324137	4v7c
24335279	x
24335589	4nm8
24336220	x
24767986	Q2N0S6
24843029	4d2q
24965454	Q2N0S6
24995983	4uje
25119039	P19491
25242331	4ux8
25353930	4d3e
25363761	Q72J05 Q72J04
25380312	P36022
25417161	P36022
25470061	P11716
25486611	Q8VNN2
25528571	4udv
25569572	Q2N0S6
25589637	Q2N0S6
25807248	Q2N0S6
25838379	3j9m
25855297	3j9p
25892233	Q2N0S6
25957688	5aj0
26240379	5a9k
26278173	5a79
26416747	x
26449474	3jbl
26548953	3jbx
26682982	Q2N0S6
26841432	5f9r
26849035	p55072
26888060	6raz
26941313	5fuu
26949186	Q2N0S6
26988127	P0A6F5
27007846	5fur
27072897	5fvm
27120157	5g05
27174052	5g06
27190212	P08183
27193680	x
27238017	3jd8
27251291	3jct
27279228	5iqr
27339980	5fwk
27349805	Q2N0S6 Q2N0S6
27438765	Q2N0S6
27459055	5lj3
27487086	Q2N0S6
27545891	Q2N0S6
27610567	5sva
27698405	5j37
27830641	5luf
27841852	Q2N0S6
27912063	5gup
27974378	5m2n
28008928	5xlr
28076345	5mps
28076346	5mqf
28099415	5h3o
28165000	5tjt
28262097	5lmx
28263324	5mz6
28368393	5ll6
28508083	5np0
28530653	5nrl
28781166	5o9z
28803776	5nv3
28892040	5oik
29074581	6b2z
29100052	6enf
29138320	6axk
29162799	Q2N0S6
29395787	5o31
29514928	x
29867235	6cde
29959019	P0A6F5
30097292	6did
30135578	6gmh
30135580	6gml
30190596	6drd
30241607	x
30337683	6igm
30385580	x
30412577	x
30429339	Q2N0S6
30442764	x
30470765	6mu1
30479383	6msb
30503210	6ifk
30568167	6n38
30598554	6hu9
30598556	6giq
30664871	6i0m
30705154	x
30716060	x
30718774	6ny3
30724163	x
30742075	x
30759380	6nn6
30765569	6qee
30770869	6j99
30814678	6nud
30819888	6a7f
30850609	6hht
30860024	6nmi
30877094	6hs7
30879786	6j6g
30886360	x
30889173	x
30894496	6nyf
30894744	6mhu
30912918	6n4v
30913026	6hko
30954575	6ody
30970244	6r1u
30971819	6b40
30975767	x
30975770	6njl
30979902	6i9d
30981630	6o96
31001586	6hif
31019304	P31645
31028251	6ogd
31049401	6qi8
31080066	Q2N0S6
31097817	6jxa
31101807	6nzu
31126879	6okp
31142841	6r8f
31147544	x
31160784	6ole
31182847	6jo5
31184588	6oo2
31210637	6ne3
31216466	6qs4
31249134	6opc
31253771	6qb8
31265110	6nqb
31285450	6qcm
31306470	6olp
31309145	6qk7
31311931	6nm5
31320732	6k9l
31332387	x
31367042	6npl
31416931	6k7g
31455778	x
31488329	6pv7
31492636	6qcf
31492816	6ks6
31515389	x
31526475	x
31527277	x
31537793	6u23
31582853	6sct
31591575	x
31591578	x
31624094	x
31664019	6shs
31666516	6rks
31666526	6jeo
31668805	x
31699894	x
31711962	6p3e
31732167	6p62
31738165	6tdy
31744874	6uot
31754273	x
31768058	x
31769733	6l31
31787524	un:q5izk2
31792449	6syt
31792450	6q04
31792451	6nil
31792453	6t1r
31826984	x
31836707	6qiy
31848241	6l1q
31848341	6jpu
31862189	6v6s
31870848	6kz4
31870903	6hdd
31883801	6uc5
31886770	6v8o
31900425	6uvn
31907446	x
31907454	x
31911488	x
31915246	6uqk
31916936	Q9JZ38
31932830	x
31941772	6u59
31945772	6u1n
31955848	6uja
31959751	6qn1
31969704	6tb4
31986188	6t61
31999252	6u8e
32014998	6v1i
32015552	P15919 P21784
32023489	6oz9
32027819	6vac
32041169	6jy0
32049031	6djy
32051583	6ttu
32060291	6l7o
32060358	6lnt
32076272	x
32076651	6p6i
32101746	Q9UKL0 O60341 Q13547
32110738	x
32132184	6m17
32138239	6y7c
32139698	6tps
32147968	P11716
32149604	x
32150583	6pbv
32157081	6s3l
32187547	6v0r
32188856	6tqh
32188938	6uxw
32214249	6klh
32231352	6s6l
32245806	6odf
32249784	6uzc
32271834	6row
32275863	6jk8
32284565	6sd3
32286223	x
32291341	6t15
32296173	6tej
32313946	6tem
32321816	Q80J94
32341159	6lkq
32348769	6vpx
32358197	6voc
32367042	x
32369333	6wfs
32369734	x
32385283	6vxf
32398825	6lz3
32424158	6l48
32433611	6vyi
32449846	x
32451445	x
32454153	6wkk
32461688	6y5g
32470354	x
32471995	P39929 P36095 P36108
32483155	6yew
32494015	6wbf
32494597	6li9
32494598	6o3v
32499435	6w6w
32510829	Q96PS1 Q9Y2M0
32512005	6waz
32513722	6t8g
32513917	6yrk
32522994	6rw4
32525270	x
32526208	7c2k
32528175	6vms
32528179	6v05
32541895	6y1a
32541898	6ted
32543078	6ruq
32548265	6vo0
32553108	6z1p
32556302	x
32571838	7c2l
32571921	x
32571953	7bv8
32577660	6xkl
32579107	x
32579947	x
32601441	Q2N0S7
32605991	x
32609828	x
32610085	6whr
32610138	6wqz
32614892	6iuk
32616672	x
32616928	x
32626661	6xvf
32632277	x
32636254	6wvl
32636384	7c4j
32639230	6ly8 6ly9
32641835	6v9v
32651368	P02791
32661157	x
32661420	6yvu
32667203	x
32668201	x
32670237	x
32676607	6xez
32678275	2cv5
32681014	6z6g
32690711	x
32694165	x
32694211	O94248
32699321	6x29
32699852	P0DTC2
32703906	6xkl
32718994	x
32719344	6m62
32719506	x
32732422	x
32737313	6vlz
32743076	6wcj
32743589	x
32747554	x
32748788	x
32755591	6wpk
32755595	6yuf
32755598	7cn9
32759221	x
32761170	x
32762847	6xjv
32763915	x
32775998	x
32776017	x
32776920	x
32780770	6vfl
32783917	6xr4
32783951	6wjd
32795390	6ygh
32796652	6zig
32802411	x
32803198	7k0r
32810181	6zxj
32814033	x
32814034	x
32814344	6vno
32814813	6wtd
32815518	x
32817270	P0DTC2
32820071	x
32820719	6w6l
32825132	x
32826323	7msf
32840211	6x89
32848250	x
32855298	6xiq
32860428	x
32865340	x
32866207	6vlr
32866963	x
32869741	x
32879490	5a9q
32887876	6zxn
32887891	x
32887892	x
32895526	6lgl
32895555	x
32905766	Q2N0S6
32908316	6zoj
32911482	6y5e
32913000	7jo9
32913054	6xg6
32924932	7k00
32935107	P0DTC2
32937101	1mjg
32938938	6zlm
32939087	6x0l
32939278	P02794
32940605	x
32950604	Q1XA76
32958580	6zb4
32966762	6vej
32967953	x
32991844	P0DTC2
32995788	7jn5
32997730	6psz
32998902	6xjh
32999024	6vo3
32999288	6yj6
33007253	x
33009400	7jyi
33031746	6tm2
33042588	7cn2
33087346	6qu9
33144582	7jss
33154106	7kkk
33154107	7kl9
33158864	6zwm
33211010	7at8
33230284	6ysn
33242394	P0DTC2
33259810	7as8
33264605	6wkw
33268888	6z47
33288623	6xky
33288924	6vz4
33305433	7aft
33326748	7ajt
33398175	7kah
33402676	7jy5
33411789	7k1s
33436626	7dl2
33438580	Q2N0S6
33446560	7b0y
33446644	6rbg
33463726	7bxt
33472937	7dn5
33476598	7b5o
33479126	7k6p
33495307	P0DTC2
33501431	P0DTC2
33501433	P0DTC2
33501445	P0DTC2
33501451	P0DTC2
33504779	7k0r
33509932	7dvq
33542155	7ajb
33548203	7bfp
33558762	6m4o
33558764	7a6h
33563983	Q2N0S6
33567448	P0DTC2
33568813	6vyk
33589616	6l35
33619487	7lop
33658209	6x2l
33724189	7ks0
33724780	7npn
33727554	6yi5
33731853	7czp
33753866	7d1t
33758168	7dsk
33761326	P0DTC2
33789084	7l2c
33795473	7edx
33795673	6zg5
33817625	7kns
33826885	Q2N0S6
33846633	7nky
33888861	6m7d
33893175	7lx5
33893388	7e23
33894127	P0DTC2
33900731	P55072
33902108	7nvr
33926037	7e55
33932324	P0DTC2
33947837	7dwb
33950012	P09528
33969878	P09528
34015309	7mi6
34024246	P0DTC2
34078743	7mem
34108468	7jth
34135320	7odr
34139175	7lkf
34139176	P0DTC2
34168372	7mbq
34170126	7ev9
34259632	7ogt
34262183	7lmz
34272288	7bgy
34376662	6dfg
34385391	7m99
34433062	6xeu
